RR,BApplication,NAP,latitude,longitude,biochar_pH,highestT,Biochar carbon,Biochar.Nitrogen,Biochar.Ash,Biochar C/N,Soil_PH,CEC,Soil Organic Carbon,sand,silt,clay,feedstock,croptype,texture,PyrolysisType
-0.03,20,300,28,113.25,10.4,450,0.47,0.01,0.21,79.15254237,6.21,\N,18.76,\N,\N,\N,Nonwood,cereal,\N,slow
0.04,40,300,28,113.25,10.4,450,0.47,0.01,0.21,79.15254237,6.21,\N,18.76,\N,\N,\N,Nonwood,cereal,\N,slow
0,20,0,28,113.25,10.4,450,0.47,0.01,0.21,79.15254237,6.21,\N,18.76,\N,\N,\N,Nonwood,cereal,\N,slow
0,40,0,28,113.25,10.4,450,0.47,0.01,0.21,79.15254237,6.21,\N,18.76,\N,\N,\N,Nonwood,cereal,\N,slow
0.05,20,300,28.25,116.25,10.4,450,0.47,0.01,0.21,79.15254237,4.89,\N,17.7,\N,\N,\N,Nonwood,cereal,\N,slow
0.05,40,300,28.25,116.25,10.4,450,0.47,0.01,0.21,79.15254237,4.89,\N,17.7,\N,\N,\N,Nonwood,cereal,\N,slow
-0.02,20,0,28.25,116.25,10.4,450,0.47,0.01,0.21,79.15254237,4.89,\N,17.7,\N,\N,\N,Nonwood,cereal,\N,slow
0.01,40,0,28.25,116.25,10.4,450,0.47,0.01,0.21,79.15254237,4.89,\N,17.7,\N,\N,\N,Nonwood,cereal,\N,slow
-0.11,4,50,19.5,102,7.5,\N,0.87,0,\N,280.6451613,5.2,14,15,0.27,0.45,0.28,Wood,cereal,Medium,\N
-0.12,4,50,19.5,102,7.5,\N,0.87,0,\N,280.6451613,5.2,14,15,0.27,0.45,0.28,Wood,cereal,Medium,\N
-0.05,4,50,19.5,102,7.5,\N,0.87,0,\N,280.6451613,5.2,14,15,0.27,0.45,0.28,Wood,cereal,Medium,\N
0.13,4,50,19.5,102,7.5,\N,0.87,0,\N,280.6451613,5.2,14,15,0.27,0.45,0.28,Wood,cereal,Medium,\N
-0.02,8,50,19.5,102,7.5,\N,0.87,0,\N,280.6451613,5.2,14,15,0.27,0.45,0.28,Wood,cereal,Medium,\N
0.04,8,50,19.5,102,7.5,\N,0.87,0,\N,280.6451613,5.2,14,15,0.27,0.45,0.28,Wood,cereal,Medium,\N
0.05,8,50,19.5,102,7.5,\N,0.87,0,\N,280.6451613,5.2,14,15,0.27,0.45,0.28,Wood,cereal,Medium,\N
0.21,8,50,19.5,102,7.5,\N,0.87,0,\N,280.6451613,5.2,14,15,0.27,0.45,0.28,Wood,cereal,Medium,\N
0.03,16,50,19.5,102,7.5,\N,0.87,0,\N,280.6451613,5.2,14,15,0.27,0.45,0.28,Wood,cereal,Medium,\N
-0.02,16,50,19.5,102,7.5,\N,0.87,0,\N,280.6451613,5.2,14,15,0.27,0.45,0.28,Wood,cereal,Medium,\N
-0.03,16,50,19.5,102,7.5,\N,0.87,0,\N,280.6451613,5.2,14,15,0.27,0.45,0.28,Wood,cereal,Medium,\N
0.24,16,50,19.5,102,7.5,\N,0.87,0,\N,280.6451613,5.2,14,15,0.27,0.45,0.28,Wood,cereal,Medium,\N
0.17,38,50,10.75,106.75,\N,\N,\N,\N,0.45,\N,4.5,\N,\N,0.67,0.05,0.28,Nonwood,cereal,Light,\N
0.45,76,50,10.75,106.75,\N,\N,\N,\N,0.45,\N,4.5,\N,\N,0.67,0.05,0.28,Nonwood,cereal,Light,\N
0.54,114,50,10.75,106.75,\N,\N,\N,\N,0.45,\N,4.5,\N,\N,0.67,0.05,0.28,Nonwood,cereal,Light,\N
0.98,38,0,10.75,106.75,\N,\N,\N,\N,0.45,\N,4.5,\N,\N,0.67,0.05,0.28,Nonwood,cereal,Light,\N
1.73,76,0,10.75,106.75,\N,\N,\N,\N,0.45,\N,4.5,\N,\N,0.67,0.05,0.28,Nonwood,cereal,Light,\N
1.85,114,0,10.75,106.75,\N,\N,\N,\N,0.45,\N,4.5,\N,\N,0.67,0.05,0.28,Nonwood,cereal,Light,\N
0.57,38,50,10.75,106.75,\N,\N,\N,\N,0.45,\N,4.5,\N,\N,0.67,0.05,0.28,Nonwood,cereal,Light,\N
0.72,76,50,10.75,106.75,\N,\N,\N,\N,0.45,\N,4.5,\N,\N,0.67,0.05,0.28,Nonwood,cereal,Light,\N
0.79,114,50,10.75,106.75,\N,\N,\N,\N,0.45,\N,4.5,\N,\N,0.67,0.05,0.28,Nonwood,cereal,Light,\N
-0.21,38,0,10.75,106.75,\N,\N,\N,\N,0.45,\N,6.5,\N,\N,0.48,0.09,0.43,Nonwood,cereal,Heavy,\N
0.7,76,0,10.75,106.75,\N,\N,\N,\N,0.45,\N,6.5,\N,\N,0.48,0.09,0.43,Nonwood,cereal,Heavy,\N
0.46,114,0,10.75,106.75,\N,\N,\N,\N,0.45,\N,6.5,\N,\N,0.48,0.09,0.43,Nonwood,cereal,Heavy,\N
-0.11,38,50,10.75,106.75,\N,\N,\N,\N,0.45,\N,6.5,\N,\N,0.48,0.09,0.43,Nonwood,cereal,Heavy,\N
0.39,76,50,10.75,106.75,\N,\N,\N,\N,0.45,\N,6.5,\N,\N,0.48,0.09,0.43,Nonwood,cereal,Heavy,\N
0.42,114,50,10.75,106.75,\N,\N,\N,\N,0.45,\N,6.5,\N,\N,0.48,0.09,0.43,Nonwood,cereal,Heavy,\N
-0.1,38,0,10.75,106.75,\N,\N,\N,\N,0.45,\N,6.5,\N,\N,0.48,0.09,0.43,Nonwood,cereal,Heavy,\N
0.67,76,0,10.75,106.75,\N,\N,\N,\N,0.45,\N,6.5,\N,\N,0.48,0.09,0.43,Nonwood,cereal,Heavy,\N
0.39,114,0,10.75,106.75,\N,\N,\N,\N,0.45,\N,6.5,\N,\N,0.48,0.09,0.43,Nonwood,cereal,Heavy,\N
0.27,38,50,10.75,106.75,\N,\N,\N,\N,0.45,\N,6.5,\N,\N,0.48,0.09,0.43,Nonwood,cereal,Heavy,\N
0.8,76,50,10.75,106.75,\N,\N,\N,\N,0.45,\N,6.5,\N,\N,0.48,0.09,0.43,Nonwood,cereal,Heavy,\N
0.85,114,50,10.75,106.75,\N,\N,\N,\N,0.45,\N,6.5,\N,\N,0.48,0.09,0.43,Nonwood,cereal,Heavy,\N
0,8,165,4.25,-72.5,9.2,\N,0.73,0.01,0.05,95.92105263,3.91,11,20,\N,\N,0.42,Wood,cereal,Light,\N
-0.02,20,165,4.25,-72.5,9.2,\N,0.73,0.01,0.05,95.92105263,3.91,11,20,\N,\N,0.42,Wood,cereal,Light,\N
0.16,8,170,4.25,-72.5,9.2,\N,0.73,0.01,0.05,95.92105263,3.91,11,20,\N,\N,0.42,Wood,cereal,Light,\N
0.24,20,170,4.25,-72.5,9.2,\N,0.73,0.01,0.05,95.92105263,3.91,11,20,\N,\N,0.42,Wood,cereal,Light,\N
0.14,8,156,4.25,-72.5,9.2,\N,0.73,0.01,0.05,95.92105263,3.91,11,20,\N,\N,0.42,Wood,cereal,Light,\N
0.27,20,156,4.25,-72.5,9.2,\N,0.73,0.01,0.05,95.92105263,3.91,11,20,\N,\N,0.42,Wood,cereal,Light,\N
0.54,8,159,4.25,-72.5,9.2,\N,0.73,0.01,0.05,95.92105263,3.91,11,20,\N,\N,0.42,Wood,cereal,Light,\N
0.87,20,159,4.25,-72.5,9.2,\N,0.73,0.01,0.05,95.92105263,3.91,11,20,\N,\N,0.42,Wood,cereal,Light,\N
0.94,10,135,0,109.5,8.75,600,0.19,\N,\N,\N,3.75,6.84,7.8,\N,\N,\N,Nonwood,cereal,Medium,slow
0.23,\N,1,52.5,5.75,\N,400,\N,\N,\N,\N,4.97,14.8,22.4,0.94,0.05,0.03,Nonwood,forb,Light,slow
0.57,\N,10,52.5,5.75,\N,400,\N,\N,\N,\N,4.97,14.8,22.4,0.94,0.05,0.03,Nonwood,forb,Light,slow
-0.07,\N,50,52.5,5.75,\N,400,\N,\N,\N,\N,4.97,14.8,22.4,0.94,0.05,0.03,Nonwood,forb,Light,slow
-0.79,\N,120,52.5,5.75,\N,400,\N,\N,\N,\N,4.97,14.8,22.4,0.94,0.05,0.03,Nonwood,forb,Light,slow
0,\N,1,52.5,5.75,\N,400,\N,\N,\N,\N,4.97,14.8,22.4,0.94,0.05,0.03,Nonwood,forb,Light,slow
0.02,\N,10,52.5,5.75,\N,400,\N,\N,\N,\N,4.97,14.8,22.4,0.94,0.05,0.03,Nonwood,forb,Light,slow
-0.06,\N,50,52.5,5.75,\N,400,\N,\N,\N,\N,4.97,14.8,22.4,0.94,0.05,0.03,Nonwood,forb,Light,slow
-0.66,\N,120,52.5,5.75,\N,400,\N,\N,\N,\N,4.97,14.8,22.4,0.94,0.05,0.03,Nonwood,forb,Light,slow
1.92,11,0,-34.12,150.5,\N,\N,\N,\N,\N,\N,3.8,\N,\N,\N,\N,\N,Wood,cereal,Light,\N
0.27,11,0,-34.12,150.5,\N,\N,\N,\N,\N,\N,4.2,\N,\N,\N,\N,\N,Wood,cereal,Light,\N
0.26,5.5,87.5,-34.12,150.5,\N,\N,\N,\N,\N,\N,3.8,\N,\N,\N,\N,\N,Wood,cereal,Light,\N
-0.09,5.5,87.5,-34.12,150.5,\N,\N,\N,\N,\N,\N,4.1,\N,\N,\N,\N,\N,Wood,cereal,Light,\N
-0.34,10,0,-30,151.5,9.85,\N,0.33,0,\N,77.20930233,\N,\N,\N,\N,\N,\N,Nonwood,cereal,\N,\N
0.08,10,110,-30,151.5,9.85,\N,0.33,0,\N,77.20930233,\N,\N,\N,\N,\N,\N,Nonwood,cereal,\N,\N
0.08,10,110,-30,151.5,9.85,\N,0.33,0,\N,77.20930233,\N,\N,\N,\N,\N,\N,Nonwood,cereal,\N,\N
0.07,10,110,-30,151.5,9.85,\N,0.33,0,\N,77.20930233,\N,\N,\N,\N,\N,\N,Nonwood,cereal,\N,\N
0.03,10,110,-30,151.5,9.85,\N,0.33,0,\N,77.20930233,\N,\N,\N,\N,\N,\N,Nonwood,cereal,\N,\N
0.15,10,0,-30,151.5,9.85,\N,0.33,0,\N,77.20930233,\N,\N,\N,\N,\N,\N,Nonwood,cereal,\N,\N
0.14,10,110,-30,151.5,9.85,\N,0.33,0,\N,77.20930233,\N,\N,\N,\N,\N,\N,Nonwood,cereal,\N,\N
0.03,10,110,-30,151.5,9.85,\N,0.33,0,\N,77.20930233,\N,\N,\N,\N,\N,\N,Nonwood,cereal,\N,\N
0.15,10,110,-30,151.5,9.85,\N,0.33,0,\N,77.20930233,\N,\N,\N,\N,\N,\N,Nonwood,cereal,\N,\N
0,10,110,-30,151.5,9.85,\N,0.33,0,\N,77.20930233,\N,\N,\N,\N,\N,\N,Nonwood,cereal,\N,\N
-0.08,10,0,32,119,9.1,450,0.47,0.01,\N,75.06451613,6.6,\N,14.7,\N,\N,\N,Nonwood,cereal,Medium,slow
-0.04,25,0,32,119,9.1,450,0.47,0.01,\N,75.06451613,6.6,\N,14.7,\N,\N,\N,Nonwood,cereal,Medium,slow
0.2,10,200,32,119,9.1,450,0.47,0.01,\N,75.06451613,6.6,\N,14.7,\N,\N,\N,Nonwood,cereal,Medium,slow
0.33,25,200,32,119,9.1,450,0.47,0.01,\N,75.06451613,6.6,\N,14.7,\N,\N,\N,Nonwood,cereal,Medium,slow
0.29,50,200,32,119,9.1,450,0.47,0.01,\N,75.06451613,6.6,\N,14.7,\N,\N,\N,Nonwood,cereal,Medium,slow
0.02,50,0,32,119,9.1,450,0.47,0.01,\N,75.06451613,6.6,\N,14.7,\N,\N,\N,Nonwood,cereal,Medium,slow
0.04,10,0,32,119,9.1,450,0.47,0.01,\N,75.06451613,6.6,\N,14.7,\N,\N,\N,Nonwood,cereal,Medium,slow
0.02,25,0,32,119,9.1,450,0.47,0.01,\N,75.06451613,6.6,\N,14.7,\N,\N,\N,Nonwood,cereal,Medium,slow
0.13,50,0,32,119,9.1,450,0.47,0.01,\N,75.06451613,6.6,\N,14.7,\N,\N,\N,Nonwood,cereal,Medium,slow
0.15,10,200,32,119,9.1,450,0.47,0.01,\N,75.06451613,6.6,\N,14.7,\N,\N,\N,Nonwood,cereal,Medium,slow
0.21,25,200,32,119,9.1,450,0.47,0.01,\N,75.06451613,6.6,\N,14.7,\N,\N,\N,Nonwood,cereal,Medium,slow
0.53,50,200,32,119,9.1,450,0.47,0.01,\N,75.06451613,6.6,\N,14.7,\N,\N,\N,Nonwood,cereal,Medium,slow
0,10,0,32,119,9.1,450,0.47,0.01,\N,75.06451613,6.6,\N,14.7,\N,\N,\N,Nonwood,cereal,Medium,slow
0.08,50,0,32,119,9.1,450,0.47,0.01,\N,75.06451613,6.6,\N,14.7,\N,\N,\N,Nonwood,cereal,Medium,slow
0.08,10,200,32,119,9.1,450,0.47,0.01,\N,75.06451613,6.6,\N,14.7,\N,\N,\N,Nonwood,cereal,Medium,slow
0.18,25,200,32,119,9.1,450,0.47,0.01,\N,75.06451613,6.6,\N,14.7,\N,\N,\N,Nonwood,cereal,Medium,slow
0.08,25,0,32,119,9.1,450,0.47,0.01,\N,75.06451613,6.6,\N,14.7,\N,\N,\N,Nonwood,cereal,Medium,slow
-0.03,10,0,32,119,9.1,450,0.47,0.01,\N,75.06451613,6.6,\N,14.7,\N,\N,\N,Nonwood,cereal,Medium,slow
0.17,25,0,32,119,9.1,450,0.47,0.01,\N,75.06451613,6.6,\N,14.7,\N,\N,\N,Nonwood,cereal,Medium,slow
0.16,50,0,32,119,9.1,450,0.47,0.01,\N,75.06451613,6.6,\N,14.7,\N,\N,\N,Nonwood,cereal,Medium,slow
0.1,10,200,32,119,9.1,450,0.47,0.01,\N,75.06451613,6.6,\N,14.7,\N,\N,\N,Nonwood,cereal,Medium,slow
0.16,25,200,32,119,9.1,450,0.47,0.01,\N,75.06451613,6.6,\N,14.7,\N,\N,\N,Nonwood,cereal,Medium,slow
0.53,50,200,32,119,9.1,450,0.47,0.01,\N,75.06451613,6.6,\N,14.7,\N,\N,\N,Nonwood,cereal,Medium,slow
0.54,50,200,32,119,9.1,450,0.47,0.01,\N,75.06451613,6.6,\N,14.7,\N,\N,\N,Nonwood,cereal,Medium,slow
0.18,58,0,4.25,-72.5,\N,\N,0.73,0.01,\N,95.92105263,4.3,3,52.2,0.41,0.24,0.34,Wood,cereal,Medium,fast
0.21,58,0,4.25,-72.5,\N,\N,0.73,0.01,\N,95.92105263,4.3,3,52.2,0.41,0.24,0.34,Wood,cereal,Medium,fast
0.02,58,120,4.25,-72.5,\N,\N,0.73,0.01,\N,95.92105263,4.3,3,52.2,0.41,0.24,0.34,Wood,cereal,Medium,fast
0.02,58,120,4.25,-72.5,\N,\N,0.73,0.01,\N,95.92105263,4.3,3,52.2,0.41,0.24,0.34,Wood,cereal,Medium,fast
0.05,58,120,4.25,-72.5,\N,\N,0.73,0.01,\N,95.92105263,4.3,3,52.2,0.41,0.24,0.34,Wood,cereal,Medium,fast
0.38,58,0,4.25,-72.5,\N,\N,0.73,0.01,\N,95.92105263,4.3,3,52.2,0.41,0.24,0.34,Wood,cereal,Medium,fast
0.32,58,0,4.25,-72.5,\N,\N,0.73,0.01,\N,95.92105263,4.3,3,52.2,0.41,0.24,0.34,Wood,cereal,Medium,fast
-0.05,58,120,4.25,-72.5,\N,\N,0.73,0.01,\N,95.92105263,4.3,3,52.2,0.41,0.24,0.34,Wood,cereal,Medium,fast
-0.13,58,0,4.25,-72.5,\N,\N,0.73,0.01,\N,95.92105263,4.3,3,52.2,0.41,0.24,0.34,Wood,cereal,Medium,fast
-0.18,58,120,4.25,-72.5,\N,\N,0.73,0.01,\N,95.92105263,4.3,3,52.2,0.41,0.24,0.34,Wood,cereal,Medium,fast
0.07,58,120,4.25,-72.5,\N,\N,0.73,0.01,\N,95.92105263,4.3,3,52.2,0.41,0.24,0.34,Wood,cereal,Medium,fast
0.89,58,0,4.25,-72.5,\N,\N,0.73,0.01,\N,95.92105263,4.3,3,52.2,0.41,0.24,0.34,Wood,cereal,Medium,fast
0.95,32.5,0,2.75,-76.5,\N,350,0.82,0.01,\N,144.5614035,5.1,6,\N,0.24,0.28,0.48,Wood,cereal,Medium,fast
0.69,32.5,0,2.75,-76.5,\N,350,0.82,0.01,\N,144.5614035,5.1,6,\N,0.24,0.28,0.48,Wood,cereal,Medium,fast
0.91,32.5,0,2.75,-76.5,\N,350,0.82,0.01,\N,144.5614035,5.1,6,\N,0.24,0.28,0.48,Wood,cereal,Medium,fast
0.67,32.5,0,2.75,-76.5,\N,350,0.82,0.01,\N,144.5614035,5.1,6,\N,0.24,0.28,0.48,Wood,cereal,Medium,fast
1.33,32.5,0,2.75,-76.5,\N,350,0.82,0.01,\N,144.5614035,5.1,6,\N,0.24,0.28,0.48,Wood,cereal,Medium,fast
1.05,32.5,0,2.75,-76.5,\N,350,0.82,0.01,\N,144.5614035,5.1,6,\N,0.24,0.28,0.48,Wood,cereal,Medium,fast
0.07,5,200,-23.65,30.13,7.2,450,0.34,0,0,91.35135135,4.9,\N,\N,\N,\N,\N,Wood,fruit,\N,fast
-0.12,5,200,-23.65,30.13,7.2,450,0.34,0,0,91.35135135,4.9,\N,\N,\N,\N,\N,Wood,fruit,\N,fast
0.04,5,200,-23.65,30.13,7.2,450,0.34,0,0,91.35135135,4.9,\N,\N,\N,\N,\N,Wood,fruit,\N,fast
-0.02,5,200,-23.65,30.13,7.2,450,0.34,0,0,91.35135135,4.9,\N,\N,\N,\N,\N,Wood,fruit,\N,fast
0.03,5,200,-23.65,30.13,7.2,450,0.34,0,0,91.35135135,4.9,\N,\N,\N,\N,\N,Wood,fruit,\N,fast
-0.11,8,0,19.5,102,7.5,\N,0.87,\N,\N,\N,7.1,16,14,0.21,0.34,0.45,Wood,cereal,Heavy,\N
1.57,\N,\N,\N,\N,8.8,550,0.52,0,\N,246.1904762,5.38,\N,\N,\N,\N,\N,Manure,forb,\N,slow
1.44,\N,\N,\N,\N,8.8,550,0.52,0,\N,246.1904762,5.38,\N,\N,\N,\N,\N,Manure,forb,\N,slow
1.53,\N,\N,\N,\N,8.8,550,0.52,0,\N,246.1904762,5.38,\N,\N,\N,\N,\N,Manure,forb,\N,slow
1.39,\N,\N,\N,\N,8.8,550,0.52,0,\N,246.1904762,5.38,\N,\N,\N,\N,\N,Manure,forb,\N,slow
1.39,\N,\N,\N,\N,8.8,550,0.52,0,\N,246.1904762,5.38,\N,\N,\N,\N,\N,Manure,forb,\N,slow
1.39,\N,\N,\N,\N,8.8,550,0.52,0,\N,246.1904762,5.38,\N,\N,\N,\N,\N,Manure,forb,\N,slow
1.1,\N,\N,\N,\N,7.7,550,0.78,0,\N,298.0769231,5.38,\N,\N,\N,\N,\N,Nonwood,forb,\N,slow
0.96,\N,\N,\N,\N,7.7,550,0.78,0,\N,298.0769231,5.38,\N,\N,\N,\N,\N,Nonwood,forb,\N,slow
1.28,\N,\N,\N,\N,7.7,550,0.78,0,\N,298.0769231,5.38,\N,\N,\N,\N,\N,Nonwood,forb,\N,slow
0.69,\N,\N,\N,\N,7.7,550,0.78,0,\N,298.0769231,5.38,\N,\N,\N,\N,\N,Nonwood,forb,\N,slow
0.69,\N,\N,\N,\N,7.7,550,0.78,0,\N,298.0769231,5.38,\N,\N,\N,\N,\N,Nonwood,forb,\N,slow
1.39,\N,\N,\N,\N,7.7,550,0.78,0,\N,298.0769231,5.38,\N,\N,\N,\N,\N,Nonwood,forb,\N,slow
0.68,2.4,36,28,116,\N,250,0.64,0.01,0.24,51.20967742,4.1,7.28,0.7,0.4,0.28,0.32,Nonwood,cereal,Medium,slow
0.74,2.4,36,28,116,\N,300,0.68,0.01,0.31,45.98639456,4.1,7.28,0.7,0.4,0.28,0.32,Nonwood,cereal,Medium,slow
0.95,2.4,36,28,116,\N,350,0.66,0.02,0.39,43.55263158,4.1,7.28,0.7,0.4,0.28,0.32,Nonwood,cereal,Medium,slow
0.9,2.4,36,28,116,9.98,400,0.7,0.01,0.35,55.31746032,4.1,7.28,0.7,0.4,0.28,0.32,Nonwood,cereal,Medium,slow
0.51,2.4,36,28,116,9.98,400,0.7,0.01,0.35,55.31746032,4.1,7.28,0.7,0.4,0.28,0.32,Nonwood,cereal,Medium,slow
-0.05,\N,\N,48.5,-115.88,7.7,600,0.68,0,\N,521.5384615,8.1,\N,\N,\N,\N,\N,Wood,forb,\N,fast
0.13,\N,\N,48.5,-115.88,7.7,600,0.68,0,\N,521.5384615,8.1,\N,\N,\N,\N,\N,Wood,forb,\N,fast
-0.01,\N,\N,48.5,-115.88,7.7,600,0.68,0,\N,521.5384615,8.1,\N,\N,\N,\N,\N,Wood,forb,\N,fast
-0.15,\N,\N,48.5,-115.88,7.7,600,0.68,0,\N,521.5384615,8.1,\N,\N,\N,\N,\N,Wood,forb,\N,fast
0.75,2.4,36,28,116,\N,450,0.73,0,0.44,662.7272727,4.1,7.28,0.7,0.4,0.28,0.32,Nonwood,cereal,Medium,slow
0.63,10,0.6,46.25,7.5,8.35,550,0.87,0,\N,282.4675325,7.23,\N,27.12,0.66,0.2,0.14,Wood,forb,Light,slow
-0.41,10,0,46.25,7.5,8.35,550,0.87,0,\N,282.4675325,7.3,15.5,20.39,0.66,0.2,0.14,Wood,forb,Light,slow
0.79,10,0.6,46.25,7.5,8.35,550,0.87,0,\N,282.4675325,7.23,\N,27.12,0.66,0.2,0.14,Wood,forb,Light,slow
-0.55,10,0,46.25,7.5,8.35,550,0.87,0,\N,282.4675325,7.3,15.5,20.39,0.66,0.2,0.14,Wood,forb,Light,slow
0.1,2.6,146,\N,\N,8.12,300,0.26,0.02,0.47,12.33333333,6.85,9.76,\N,\N,\N,0.27,Manure,cereal,Medium,slow
0.28,6.5,146,\N,\N,8.12,300,0.26,0.02,0.47,12.33333333,6.85,9.76,\N,\N,\N,0.27,Manure,cereal,Medium,slow
0.38,26,146,\N,\N,8.12,300,0.26,0.02,0.47,12.33333333,6.85,9.76,\N,\N,\N,0.27,Manure,cereal,Medium,slow
0.36,91,146,\N,\N,8.12,300,0.26,0.02,0.47,12.33333333,6.85,9.76,\N,\N,\N,0.27,Manure,cereal,Medium,slow
0.17,2.6,146,\N,\N,9.17,400,0.63,0.01,0.13,56.90909091,6.85,9.76,\N,\N,\N,0.27,Nonwood,cereal,Medium,slow
0.12,6.5,146,\N,\N,9.17,400,0.63,0.01,0.13,56.90909091,6.85,9.76,\N,\N,\N,0.27,Nonwood,cereal,Medium,slow
0.25,26,146,\N,\N,9.17,400,0.63,0.01,0.13,56.90909091,6.85,9.76,\N,\N,\N,0.27,Nonwood,cereal,Medium,slow
0.12,91,146,\N,\N,9.17,400,0.63,0.01,0.13,56.90909091,6.85,9.76,\N,\N,\N,0.27,Nonwood,cereal,Medium,slow
0.28,2.6,146,\N,\N,7.33,300,0.6,0.01,0.11,54.09090909,6.85,9.76,\N,\N,\N,0.27,Nonwood,cereal,Medium,slow
0.19,6.5,146,\N,\N,7.33,300,0.6,0.01,0.11,54.09090909,6.85,9.76,\N,\N,\N,0.27,Nonwood,cereal,Medium,slow
0.01,26,146,\N,\N,7.33,300,0.6,0.01,0.11,54.09090909,6.85,9.76,\N,\N,\N,0.27,Nonwood,cereal,Medium,slow
-0.44,91,146,\N,\N,7.33,300,0.6,0.01,0.11,54.09090909,6.85,9.76,\N,\N,\N,0.27,Nonwood,cereal,Medium,slow
0.17,2.6,146,\N,\N,7.66,400,0.76,0.01,0,148.627451,6.85,9.76,\N,\N,\N,0.27,Nonwood,cereal,Medium,slow
0.07,6.5,146,\N,\N,7.66,400,0.76,0.01,0,148.627451,6.85,9.76,\N,\N,\N,0.27,Nonwood,cereal,Medium,slow
0.16,26,146,\N,\N,7.66,400,0.76,0.01,0,148.627451,6.85,9.76,\N,\N,\N,0.27,Nonwood,cereal,Medium,slow
0.09,91,146,\N,\N,7.66,400,0.76,0.01,0,148.627451,6.85,9.76,\N,\N,\N,0.27,Nonwood,cereal,Medium,slow
0.03,2.6,146,\N,\N,4.58,400,0.79,0,0.01,736.4485981,6.85,9.76,\N,\N,\N,0.27,Wood,cereal,Medium,slow
0.04,6.5,146,\N,\N,4.58,400,0.79,0,0.01,736.4485981,6.85,9.76,\N,\N,\N,0.27,Wood,cereal,Medium,slow
-0.01,26,146,\N,\N,4.58,400,0.79,0,0.01,736.4485981,6.85,9.76,\N,\N,\N,0.27,Wood,cereal,Medium,slow
0.12,91,146,\N,\N,4.58,400,0.79,0,0.01,736.4485981,6.85,9.76,\N,\N,\N,0.27,Wood,cereal,Medium,slow
-0.07,2.6,146,\N,\N,4.57,400,0.74,0.09,0.01,8.22,6.85,9.76,\N,\N,\N,0.27,Wood,cereal,Medium,slow
-0.01,6.5,146,\N,\N,4.57,400,0.74,0.09,0.01,8.22,6.85,9.76,\N,\N,\N,0.27,Wood,cereal,Medium,slow
0.06,26,146,\N,\N,4.57,400,0.74,0.09,0.01,8.22,6.85,9.76,\N,\N,\N,0.27,Wood,cereal,Medium,slow
0,91,146,\N,\N,4.57,400,0.74,0.09,0.01,8.22,6.85,9.76,\N,\N,\N,0.27,Wood,cereal,Medium,slow
0.14,2.6,146,\N,\N,9.22,400,0.58,0.02,0.15,24.04166667,6.85,9.76,\N,\N,\N,0.27,Manure,cereal,Medium,slow
0.25,6.5,146,\N,\N,9.22,400,0.58,0.02,0.15,24.04166667,6.85,9.76,\N,\N,\N,0.27,Manure,cereal,Medium,slow
0.2,26,146,\N,\N,9.22,400,0.58,0.02,0.15,24.04166667,6.85,9.76,\N,\N,\N,0.27,Manure,cereal,Medium,slow
-0.28,91,146,\N,\N,9.22,400,0.58,0.02,0.15,24.04166667,6.85,9.76,\N,\N,\N,0.27,Manure,cereal,Medium,slow
0.04,2.6,146,\N,\N,8.27,400,0.52,0.04,0.46,14.55555556,6.85,9.76,\N,\N,\N,0.27,Nonwood,cereal,Medium,slow
0.03,6.5,146,\N,\N,8.27,400,0.52,0.04,0.46,14.55555556,6.85,9.76,\N,\N,\N,0.27,Nonwood,cereal,Medium,slow
-0.3,26,146,\N,\N,8.27,400,0.52,0.04,0.46,14.55555556,6.85,9.76,\N,\N,\N,0.27,Nonwood,cereal,Medium,slow
-2.26,91,146,\N,\N,8.27,400,0.52,0.04,0.46,14.55555556,6.85,9.76,\N,\N,\N,0.27,Nonwood,cereal,Medium,slow
0.06,\N,\N,48.5,-115.88,8.35,360,0.6,0.02,\N,34.28571429,8,\N,\N,\N,\N,\N,Nonwood,forb,\N,fast
0,2.6,146,\N,\N,8.18,400,0.2,0,0.55,181.8181818,6.85,9.76,\N,\N,\N,0.27,Nonwood,cereal,Medium,fast
0.07,6.5,146,\N,\N,8.18,400,0.2,0,0.55,181.8181818,6.85,9.76,\N,\N,\N,0.27,Nonwood,cereal,Medium,fast
-0.02,26,146,\N,\N,8.18,400,0.2,0,0.55,181.8181818,6.85,9.76,\N,\N,\N,0.27,Nonwood,cereal,Medium,fast
-1,91,146,\N,\N,8.18,400,0.2,0,0.55,181.8181818,6.85,9.76,\N,\N,\N,0.27,Nonwood,cereal,Medium,fast
0.1,2.6,146,\N,\N,9.85,400,0.27,0.01,0.52,21.61290323,6.85,9.76,\N,\N,\N,0.27,Manure,cereal,Medium,slow
0.04,6.5,146,\N,\N,9.85,400,0.27,0.01,0.52,21.61290323,6.85,9.76,\N,\N,\N,0.27,Manure,cereal,Medium,slow
0.28,26,146,\N,\N,9.85,400,0.27,0.01,0.52,21.61290323,6.85,9.76,\N,\N,\N,0.27,Manure,cereal,Medium,slow
0.33,91,146,\N,\N,9.85,400,0.27,0.01,0.52,21.61290323,6.85,9.76,\N,\N,\N,0.27,Manure,cereal,Medium,slow
0.15,2.6,146,\N,\N,9.92,500,0.69,0.01,0.18,61.89189189,6.85,9.76,\N,\N,\N,0.27,Nonwood,cereal,Medium,slow
0.21,6.5,146,\N,\N,9.92,500,0.69,0.01,0.18,61.89189189,6.85,9.76,\N,\N,\N,0.27,Nonwood,cereal,Medium,slow
0.23,26,146,\N,\N,9.92,500,0.69,0.01,0.18,61.89189189,6.85,9.76,\N,\N,\N,0.27,Nonwood,cereal,Medium,slow
0.18,91,146,\N,\N,9.92,500,0.69,0.01,0.18,61.89189189,6.85,9.76,\N,\N,\N,0.27,Nonwood,cereal,Medium,slow
-0.02,2.6,146,\N,\N,8.6,500,0.8,0.01,0.02,157.0588235,6.85,9.76,\N,\N,\N,0.27,Nonwood,cereal,Medium,slow
0.1,6.5,146,\N,\N,8.6,500,0.8,0.01,0.02,157.0588235,6.85,9.76,\N,\N,\N,0.27,Nonwood,cereal,Medium,slow
0.16,26,146,\N,\N,8.6,500,0.8,0.01,0.02,157.0588235,6.85,9.76,\N,\N,\N,0.27,Nonwood,cereal,Medium,slow
0.08,91,146,\N,\N,8.6,500,0.8,0.01,0.02,157.0588235,6.85,9.76,\N,\N,\N,0.27,Nonwood,cereal,Medium,slow
0.09,2.6,146,\N,\N,5.78,500,0.84,0,0.04,466.1111111,6.85,9.76,\N,\N,\N,0.27,Wood,cereal,Medium,slow
0.04,6.5,146,\N,\N,5.78,500,0.84,0,0.04,466.1111111,6.85,9.76,\N,\N,\N,0.27,Wood,cereal,Medium,slow
-0.02,26,146,\N,\N,5.78,500,0.84,0,0.04,466.1111111,6.85,9.76,\N,\N,\N,0.27,Wood,cereal,Medium,slow
-0.19,91,146,\N,\N,5.78,500,0.84,0,0.04,466.1111111,6.85,9.76,\N,\N,\N,0.27,Wood,cereal,Medium,slow
0.01,2.6,146,\N,\N,6.35,300,0.7,0.01,0.02,129.4444444,6.85,9.76,\N,\N,\N,0.27,Nonwood,cereal,Medium,slow
0.04,6.5,146,\N,\N,6.35,300,0.7,0.01,0.02,129.4444444,6.85,9.76,\N,\N,\N,0.27,Nonwood,cereal,Medium,slow
0.05,26,146,\N,\N,6.35,300,0.7,0.01,0.02,129.4444444,6.85,9.76,\N,\N,\N,0.27,Nonwood,cereal,Medium,slow
-0.03,91,146,\N,\N,6.35,300,0.7,0.01,0.02,129.4444444,6.85,9.76,\N,\N,\N,0.27,Nonwood,cereal,Medium,slow
0.12,2.6,146,\N,\N,5.62,500,0.83,0,0.01,834,6.85,9.76,\N,\N,\N,0.27,Wood,cereal,Medium,slow
0.16,6.5,146,\N,\N,5.62,500,0.83,0,0.01,834,6.85,9.76,\N,\N,\N,0.27,Wood,cereal,Medium,slow
0.09,26,146,\N,\N,5.62,500,0.83,0,0.01,834,6.85,9.76,\N,\N,\N,0.27,Wood,cereal,Medium,slow
0.02,91,146,\N,\N,5.62,500,0.83,0,0.01,834,6.85,9.76,\N,\N,\N,0.27,Wood,cereal,Medium,slow
0.15,2.6,146,\N,\N,9.36,500,0.59,0.03,0.15,23.02325581,6.85,9.76,\N,\N,\N,0.27,Manure,cereal,Medium,slow
0.17,6.5,146,\N,\N,9.36,500,0.59,0.03,0.15,23.02325581,6.85,9.76,\N,\N,\N,0.27,Manure,cereal,Medium,slow
0.18,26,146,\N,\N,9.36,500,0.59,0.03,0.15,23.02325581,6.85,9.76,\N,\N,\N,0.27,Manure,cereal,Medium,slow
0.08,91,146,\N,\N,9.36,500,0.59,0.03,0.15,23.02325581,6.85,9.76,\N,\N,\N,0.27,Manure,cereal,Medium,slow
0.1,2.6,146,\N,\N,9.67,500,0.37,0.03,0.53,14.3359375,6.85,9.76,\N,\N,\N,0.27,Nonwood,cereal,Medium,slow
0.16,6.5,146,\N,\N,9.67,500,0.37,0.03,0.53,14.3359375,6.85,9.76,\N,\N,\N,0.27,Nonwood,cereal,Medium,slow
-0.08,26,146,\N,\N,9.67,500,0.37,0.03,0.53,14.3359375,6.85,9.76,\N,\N,\N,0.27,Nonwood,cereal,Medium,slow
-1.67,91,146,\N,\N,9.67,500,0.37,0.03,0.53,14.3359375,6.85,9.76,\N,\N,\N,0.27,Nonwood,cereal,Medium,slow
0.19,2.6,146,\N,\N,9.28,500,0.19,0,0.57,274.2857143,6.85,9.76,\N,\N,\N,0.27,Nonwood,cereal,Medium,slow
0.06,6.5,146,\N,\N,9.28,500,0.19,0,0.57,274.2857143,6.85,9.76,\N,\N,\N,0.27,Nonwood,cereal,Medium,slow
0.03,26,146,\N,\N,9.28,500,0.19,0,0.57,274.2857143,6.85,9.76,\N,\N,\N,0.27,Nonwood,cereal,Medium,slow
0.12,91,146,\N,\N,9.28,500,0.19,0,0.57,274.2857143,6.85,9.76,\N,\N,\N,0.27,Nonwood,cereal,Medium,slow
0,\N,\N,48.5,-115.88,8.34,400,0.66,0.01,\N,46.26760563,8,\N,\N,\N,\N,\N,Nonwood,forb,\N,slow
0.12,2.6,146,\N,\N,10.57,500,0.25,0.01,0.53,18.0141844,6.85,9.76,\N,\N,\N,0.27,Manure,cereal,Medium,slow
0.2,6.5,146,\N,\N,10.57,500,0.25,0.01,0.53,18.0141844,6.85,9.76,\N,\N,\N,0.27,Manure,cereal,Medium,slow
0.21,26,146,\N,\N,10.57,500,0.25,0.01,0.53,18.0141844,6.85,9.76,\N,\N,\N,0.27,Manure,cereal,Medium,slow
0.25,91,146,\N,\N,10.57,500,0.25,0.01,0.53,18.0141844,6.85,9.76,\N,\N,\N,0.27,Manure,cereal,Medium,slow
0.16,2.6,146,\N,\N,9.95,600,0.7,0.01,0.17,69.10891089,6.85,9.76,\N,\N,\N,0.27,Nonwood,cereal,Medium,slow
0.29,6.5,146,\N,\N,9.95,600,0.7,0.01,0.17,69.10891089,6.85,9.76,\N,\N,\N,0.27,Nonwood,cereal,Medium,slow
0.25,26,146,\N,\N,9.95,600,0.7,0.01,0.17,69.10891089,6.85,9.76,\N,\N,\N,0.27,Nonwood,cereal,Medium,slow
0.04,91,146,\N,\N,9.95,600,0.7,0.01,0.17,69.10891089,6.85,9.76,\N,\N,\N,0.27,Nonwood,cereal,Medium,slow
0.15,2.6,146,\N,\N,8.85,600,0.84,0.01,0.17,161.7307692,6.85,9.76,\N,\N,\N,0.27,Nonwood,cereal,Medium,slow
0.09,6.5,146,\N,\N,8.85,600,0.84,0.01,0.17,161.7307692,6.85,9.76,\N,\N,\N,0.27,Nonwood,cereal,Medium,slow
-0.01,26,146,\N,\N,8.85,600,0.84,0.01,0.17,161.7307692,6.85,9.76,\N,\N,\N,0.27,Nonwood,cereal,Medium,slow
0.06,91,146,\N,\N,8.85,600,0.84,0.01,0.17,161.7307692,6.85,9.76,\N,\N,\N,0.27,Nonwood,cereal,Medium,slow
0,2.6,146,\N,\N,6.38,600,0.88,0,0.01,515.2941176,6.85,9.76,\N,\N,\N,0.27,Wood,cereal,Medium,slow
0.17,6.5,146,\N,\N,6.38,600,0.88,0,0.01,515.2941176,6.85,9.76,\N,\N,\N,0.27,Wood,cereal,Medium,slow
0.12,26,146,\N,\N,6.38,600,0.88,0,0.01,515.2941176,6.85,9.76,\N,\N,\N,0.27,Wood,cereal,Medium,slow
-0.17,91,146,\N,\N,6.38,600,0.88,0,0.01,515.2941176,6.85,9.76,\N,\N,\N,0.27,Wood,cereal,Medium,slow
0.01,2.6,146,\N,\N,5.97,600,0.87,0,0.01,669.2307692,6.85,9.76,\N,\N,\N,0.27,Wood,cereal,Medium,slow
-0.03,6.5,146,\N,\N,5.97,600,0.87,0,0.01,669.2307692,6.85,9.76,\N,\N,\N,0.27,Wood,cereal,Medium,slow
-0.03,26,146,\N,\N,5.97,600,0.87,0,0.01,669.2307692,6.85,9.76,\N,\N,\N,0.27,Wood,cereal,Medium,slow
-0.33,91,146,\N,\N,5.97,600,0.87,0,0.01,669.2307692,6.85,9.76,\N,\N,\N,0.27,Wood,cereal,Medium,slow
0.1,2.6,146,\N,\N,9.94,600,0.63,0.02,0.19,27.91111111,6.85,9.76,\N,\N,\N,0.27,Manure,cereal,Medium,slow
0.09,6.5,146,\N,\N,9.94,600,0.63,0.02,0.19,27.91111111,6.85,9.76,\N,\N,\N,0.27,Manure,cereal,Medium,slow
0.15,26,146,\N,\N,9.94,600,0.63,0.02,0.19,27.91111111,6.85,9.76,\N,\N,\N,0.27,Manure,cereal,Medium,slow
-0.3,91,146,\N,\N,9.94,600,0.63,0.02,0.19,27.91111111,6.85,9.76,\N,\N,\N,0.27,Manure,cereal,Medium,slow
0.2,2.6,146,\N,\N,4.25,300,0.64,0,0,491.5384615,6.85,9.76,\N,\N,\N,0.27,Wood,cereal,Medium,slow
-0.01,6.5,146,\N,\N,4.25,300,0.64,0,0,491.5384615,6.85,9.76,\N,\N,\N,0.27,Wood,cereal,Medium,slow
0.06,26,146,\N,\N,4.25,300,0.64,0,0,491.5384615,6.85,9.76,\N,\N,\N,0.27,Wood,cereal,Medium,slow
0.06,91,146,\N,\N,4.25,300,0.64,0,0,491.5384615,6.85,9.76,\N,\N,\N,0.27,Wood,cereal,Medium,slow
-0.02,2.6,146,\N,\N,10.53,600,0.23,0.01,0.52,22.52427184,6.85,9.76,\N,\N,\N,0.27,Nonwood,cereal,Medium,fast
0.05,6.5,146,\N,\N,10.53,600,0.23,0.01,0.52,22.52427184,6.85,9.76,\N,\N,\N,0.27,Nonwood,cereal,Medium,fast
-0.02,26,146,\N,\N,10.53,600,0.23,0.01,0.52,22.52427184,6.85,9.76,\N,\N,\N,0.27,Nonwood,cereal,Medium,fast
-0.86,91,146,\N,\N,10.53,600,0.23,0.01,0.52,22.52427184,6.85,9.76,\N,\N,\N,0.27,Nonwood,cereal,Medium,fast
0.09,2.6,146,\N,\N,11.14,600,0.19,0,0.57,240,6.85,9.76,\N,\N,\N,0.27,Nonwood,cereal,Medium,fast
0.08,6.5,146,\N,\N,11.14,600,0.19,0,0.57,240,6.85,9.76,\N,\N,\N,0.27,Nonwood,cereal,Medium,fast
0.21,26,146,\N,\N,11.14,600,0.19,0,0.57,240,6.85,9.76,\N,\N,\N,0.27,Nonwood,cereal,Medium,fast
0.11,91,146,\N,\N,11.14,600,0.19,0,0.57,240,6.85,9.76,\N,\N,\N,0.27,Nonwood,cereal,Medium,fast
0.24,2.6,146,\N,\N,10.65,600,0.24,0.01,0.56,25.10638298,6.85,9.76,\N,\N,\N,0.27,Manure,cereal,Medium,fast
0.19,6.5,146,\N,\N,10.65,600,0.24,0.01,0.56,25.10638298,6.85,9.76,\N,\N,\N,0.27,Manure,cereal,Medium,fast
0.24,26,146,\N,\N,10.65,600,0.24,0.01,0.56,25.10638298,6.85,9.76,\N,\N,\N,0.27,Manure,cereal,Medium,fast
0.2,91,146,\N,\N,10.65,600,0.24,0.01,0.56,25.10638298,6.85,9.76,\N,\N,\N,0.27,Manure,cereal,Medium,fast
0.38,\N,\N,48.5,-115.88,8.23,430,0.65,0.02,\N,39.21212121,8,\N,\N,\N,\N,\N,Nonwood,forb,\N,fast
0.14,2.6,146,\N,\N,6.74,300,0.62,0,0.01,621,6.85,9.76,\N,\N,\N,0.27,Wood,cereal,Medium,fast
-0.09,6.5,146,\N,\N,6.74,300,0.62,0,0.01,621,6.85,9.76,\N,\N,\N,0.27,Wood,cereal,Medium,slow
0.04,26,146,\N,\N,6.74,300,0.62,0,0.01,621,6.85,9.76,\N,\N,\N,0.27,Wood,cereal,Medium,slow
0.05,91,146,\N,\N,6.74,300,0.62,0,0.01,621,6.85,9.76,\N,\N,\N,0.27,Wood,cereal,Medium,slow
0.06,2.6,146,\N,\N,8.92,300,0.56,0.03,0.01,21.09022556,6.85,9.76,\N,\N,\N,0.27,Manure,cereal,Medium,slow
0.12,6.5,146,\N,\N,8.92,300,0.56,0.03,0.01,21.09022556,6.85,9.76,\N,\N,\N,0.27,Manure,cereal,Medium,slow
0.2,26,146,\N,\N,8.92,300,0.56,0.03,0.01,21.09022556,6.85,9.76,\N,\N,\N,0.27,Manure,cereal,Medium,slow
-0.44,91,146,\N,\N,8.92,300,0.56,0.03,0.01,21.09022556,6.85,9.76,\N,\N,\N,0.27,Manure,cereal,Medium,slow
0.1,2.6,146,\N,\N,7.52,300,0.65,0.06,0.23,11.10544218,6.85,9.76,\N,\N,\N,0.27,Nonwood,cereal,Medium,slow
0.03,6.5,146,\N,\N,7.52,300,0.65,0.06,0.23,11.10544218,6.85,9.76,\N,\N,\N,0.27,Nonwood,cereal,Medium,slow
-0.74,26,146,\N,\N,7.52,300,0.65,0.06,0.23,11.10544218,6.85,9.76,\N,\N,\N,0.27,Nonwood,cereal,Medium,slow
-2.43,91,146,\N,\N,7.52,300,0.65,0.06,0.23,11.10544218,6.85,9.76,\N,\N,\N,0.27,Nonwood,cereal,Medium,slow
0.17,2.6,146,\N,\N,7.44,300,0.21,0,0.23,235.5555556,6.85,9.76,\N,\N,\N,0.27,Nonwood,cereal,Medium,slow
0.15,6.5,146,\N,\N,7.44,300,0.21,0,0.23,235.5555556,6.85,9.76,\N,\N,\N,0.27,Nonwood,cereal,Medium,slow
0.06,26,146,\N,\N,7.44,300,0.21,0,0.23,235.5555556,6.85,9.76,\N,\N,\N,0.27,Nonwood,cereal,Medium,slow
-0.33,91,146,\N,\N,7.44,300,0.21,0,0.23,235.5555556,6.85,9.76,\N,\N,\N,0.27,Nonwood,cereal,Medium,slow
-0.12,\N,\N,\N,\N,4.1,200,0.53,0.02,\N,23.13043478,7.55,\N,\N,0.74,0.19,0.08,Nonwood,forb,Light,slow
0.01,\N,\N,\N,\N,4.1,200,0.53,0.02,\N,23.13043478,7.55,\N,\N,0.74,0.19,0.08,Nonwood,forb,Light,slow
-0.42,\N,\N,\N,\N,4.1,200,0.53,0.02,\N,23.13043478,7.55,\N,\N,0.74,0.19,0.08,Nonwood,forb,Light,slow
-0.46,\N,\N,\N,\N,4.1,200,0.53,0.02,\N,23.13043478,7.55,\N,\N,0.74,0.19,0.08,Nonwood,forb,Light,slow
-0.89,\N,\N,\N,\N,4.1,200,0.53,0.02,\N,23.13043478,7.55,\N,\N,0.74,0.19,0.08,Nonwood,forb,Light,slow
-1.8,\N,\N,\N,\N,4.1,200,0.53,0.02,\N,23.13043478,7.55,\N,\N,0.74,0.19,0.08,Nonwood,forb,Light,slow
-0.09,\N,\N,\N,\N,4.1,200,0.53,0.02,\N,23.13043478,7.55,\N,\N,0.74,0.19,0.08,Nonwood,forb,Light,slow
0.05,\N,\N,\N,\N,4.1,200,0.53,0.02,\N,23.13043478,7.55,\N,\N,0.74,0.19,0.08,Nonwood,forb,Light,slow
-0.34,\N,\N,\N,\N,4.1,200,0.53,0.02,\N,23.13043478,7.55,\N,\N,0.74,0.19,0.08,Nonwood,forb,Light,slow
-0.39,\N,\N,\N,\N,4.1,200,0.53,0.02,\N,23.13043478,7.55,\N,\N,0.74,0.19,0.08,Nonwood,forb,Light,slow
-0.97,\N,\N,\N,\N,4.1,200,0.53,0.02,\N,23.13043478,7.55,\N,\N,0.74,0.19,0.08,Nonwood,forb,Light,slow
-1.99,\N,\N,\N,\N,4.1,200,0.53,0.02,\N,23.13043478,7.55,\N,\N,0.74,0.19,0.08,Nonwood,forb,Light,slow
-0.18,\N,\N,\N,\N,4.1,200,0.53,0.02,\N,23.13043478,7.55,\N,\N,0.74,0.19,0.08,Nonwood,forb,Light,slow
-0.1,\N,\N,\N,\N,4.1,200,0.53,0.02,\N,23.13043478,7.55,\N,\N,0.74,0.19,0.08,Nonwood,forb,Light,slow
-0.67,\N,\N,\N,\N,4.1,200,0.53,0.02,\N,23.13043478,7.55,\N,\N,0.74,0.19,0.08,Nonwood,forb,Light,slow
-0.64,\N,\N,\N,\N,4.1,200,0.53,0.02,\N,23.13043478,7.55,\N,\N,0.74,0.19,0.08,Nonwood,forb,Light,slow
-0.92,\N,\N,\N,\N,4.1,200,0.53,0.02,\N,23.13043478,7.55,\N,\N,0.74,0.19,0.08,Nonwood,forb,Light,slow
-1.37,\N,\N,\N,\N,4.1,200,0.53,0.02,\N,23.13043478,7.55,\N,\N,0.74,0.19,0.08,Nonwood,forb,Light,slow
-0.42,\N,\N,\N,\N,4.1,200,0.53,0.02,\N,23.13043478,7.55,\N,\N,0.74,0.19,0.08,Nonwood,forb,Light,slow
-0.6,\N,\N,\N,\N,4.1,200,0.53,0.02,\N,23.13043478,7.55,\N,\N,0.74,0.19,0.08,Nonwood,forb,Light,slow
-0.48,\N,\N,\N,\N,4.1,200,0.53,0.02,\N,23.13043478,7.55,\N,\N,0.74,0.19,0.08,Nonwood,forb,Light,slow
1.66,50,0,6.25,-73.5,9,\N,0.65,\N,\N,\N,4.5,\N,\N,\N,\N,\N,Nonwood,cereal,\N,\N
1.11,50,100,6.25,-73.5,9,\N,0.65,\N,\N,\N,4.5,\N,\N,\N,\N,\N,Nonwood,cereal,\N,\N
0.44,97.2,20,4.19,-72.39,7,350,0.82,0.01,0,144.3859649,5.04,10.82,\N,\N,\N,\N,Wood,legume,Heavy,fast
0.44,48.6,20,4.19,-72.39,7,350,0.82,0.01,0,144.3859649,5.04,10.82,\N,\N,\N,\N,Wood,legume,Heavy,fast
0,48.6,20,4.19,-72.39,7,350,0.82,0.01,0,144.3859649,5.13,10.25,\N,\N,\N,\N,Wood,legume,Heavy,fast
-0.27,145.8,20,4.19,-72.39,7,350,0.82,0.01,0,144.3859649,5.04,10.82,\N,\N,\N,\N,Wood,legume,Heavy,fast
-0.32,145.8,20,4.19,-72.39,7,350,0.82,0.01,0,144.3859649,5.13,10.25,\N,\N,\N,\N,Wood,legume,Heavy,fast
0,97.2,20,4.19,-72.39,7,350,0.82,0.01,0,144.3859649,5.13,10.25,\N,\N,\N,\N,Wood,legume,Heavy,fast
0.33,97.2,20,4.19,-72.39,7,350,0.82,0.01,0,144.3859649,5.04,10.82,\N,\N,\N,\N,Wood,legume,Heavy,fast
0.07,145.8,20,4.19,-72.39,7,350,0.82,0.01,0,144.3859649,5.04,10.82,\N,\N,\N,\N,Wood,legume,Heavy,fast
0.24,48.6,20,4.19,-72.39,7,350,0.82,0.01,0,144.3859649,5.04,10.82,\N,\N,\N,\N,Wood,legume,Heavy,fast
0.11,48.6,20,4.19,-72.39,7,350,0.82,0.01,0,144.3859649,5.13,10.25,\N,\N,\N,\N,Wood,legume,Heavy,fast
0.11,97.2,20,4.19,-72.39,7,350,0.82,0.01,0,144.3859649,5.13,10.25,\N,\N,\N,\N,Wood,legume,Heavy,fast
-0.19,145.8,20,4.19,-72.39,7,350,0.82,0.01,0,144.3859649,5.13,10.25,\N,\N,\N,\N,Wood,legume,Heavy,fast
0,48.6,20,4.19,-72.39,7,350,0.82,0.01,0,144.3859649,5.04,10.82,\N,\N,\N,\N,Wood,legume,Heavy,fast
0.27,97.2,20,4.19,-72.39,7,350,0.82,0.01,0,144.3859649,5.04,10.82,\N,\N,\N,\N,Wood,legume,Heavy,fast
0.45,145.8,20,4.19,-72.39,7,350,0.82,0.01,0,144.3859649,5.04,10.82,\N,\N,\N,\N,Wood,legume,Heavy,fast
0.27,145.8,20,4.19,-72.39,7,350,0.82,0.01,0,144.3859649,5.13,10.25,\N,\N,\N,\N,Wood,legume,Heavy,fast
0.61,48.6,20,4.19,-72.39,7,350,0.82,0.01,0,144.3859649,5.13,10.25,\N,\N,\N,\N,Wood,legume,Heavy,fast
0.61,97.2,20,4.19,-72.39,7,350,0.82,0.01,0,144.3859649,5.13,10.25,\N,\N,\N,\N,Wood,legume,Heavy,fast
0.29,8,0,19.5,102,7.5,\N,0.87,\N,\N,\N,8.3,15,12,0.28,0.35,0.37,Wood,cereal,Heavy,\N
1.06,\N,\N,4.25,-7.5,10.14,\N,0.72,\N,\N,\N,\N,\N,\N,\N,\N,\N,Wood,grass,\N,\N
0.1,1.5,30,\N,\N,\N,530,0.56,0.01,\N,76.21621622,6.43,\N,2.5,\N,\N,\N,Nonwood,cereal,Light,fast
0,1.5,30,\N,\N,\N,530,0.56,0.01,\N,76.21621622,6.43,\N,2.5,\N,\N,\N,Nonwood,cereal,Light,fast
0.1,3,30,\N,\N,\N,530,0.56,0.01,\N,76.21621622,6.43,\N,2.5,\N,\N,\N,Nonwood,cereal,Light,fast
-0.11,3,30,\N,\N,\N,530,0.56,0.01,\N,76.21621622,6.43,\N,2.5,\N,\N,\N,Nonwood,cereal,Light,fast
0.15,3,30,\N,\N,\N,530,0.56,0.01,\N,76.21621622,6.23,\N,2.5,\N,\N,\N,Nonwood,cereal,Light,fast
-0.12,3,30,\N,\N,\N,530,0.56,0.01,\N,76.21621622,6.23,\N,2.5,\N,\N,\N,Nonwood,cereal,Light,fast
0.49,41.5,0,13.5,103.75,9.63,1000,0.35,0.01,0.63,50,5.5,\N,\N,\N,\N,\N,Nonwood,cereal,\N,slow
0.35,41.5,0,13.5,103.75,9.63,1000,0.35,0.01,0.63,50,5.5,\N,\N,\N,\N,\N,Nonwood,cereal,\N,slow
0,41.5,\N,13.5,103.75,9.63,1000,0.35,0.01,0.63,50,5.5,\N,\N,\N,\N,\N,Nonwood,cereal,\N,slow
0.09,41.5,\N,13.5,103.75,9.63,1000,0.35,0.01,0.63,50,5.5,\N,\N,\N,\N,\N,Nonwood,cereal,\N,slow
0.19,41.5,\N,13.5,103.75,9.63,1000,0.35,0.01,0.63,50,5.5,\N,\N,\N,\N,\N,Nonwood,cereal,\N,slow
0.28,41.5,\N,13.5,103.75,9.63,1000,0.35,0.01,0.63,50,5.5,\N,\N,\N,\N,\N,Nonwood,cereal,\N,slow
-0.16,50,\N,\N,\N,\N,700,\N,\N,\N,\N,5.8,14,2.5,\N,\N,\N,Wood,cereal,\N,fast
0.58,50,\N,\N,\N,\N,700,\N,\N,\N,\N,5.8,14,2.5,\N,\N,\N,Wood,cereal,\N,fast
0.08,50,\N,\N,\N,\N,700,\N,\N,\N,\N,5.8,14,2.5,\N,\N,\N,Wood,cereal,\N,fast
0.46,50,\N,\N,\N,\N,700,\N,\N,\N,\N,5.8,14,2.5,\N,\N,\N,Wood,cereal,\N,fast
0.16,30,100,11.5,105,9.8,600,0.31,\N,\N,\N,5.5,\N,\N,0.25,0.66,0.09,Nonwood,cereal,Medium,fast
0.57,30,100,11.5,105,9.8,600,0.31,\N,\N,\N,5.5,\N,\N,0.25,0.66,0.09,Nonwood,cereal,Medium,fast
0.11,30,100,11.5,105,10.7,500,0.06,\N,\N,\N,5.5,\N,\N,0.25,0.66,0.09,Nonwood,cereal,Medium,fast
0.52,30,100,11.5,105,10.7,500,0.06,\N,\N,\N,5.5,\N,\N,0.25,0.66,0.09,Nonwood,cereal,Medium,fast
0,1.5,14.8,-28.5,115.75,8.4,\N,0.3,0.01,0.54,25.33333333,5.3,1.8,15.5,\N,\N,\N,Wood,cereal,Medium,\N
0.03,3,14.8,-28.5,115.75,8.4,\N,0.3,0.01,0.54,25.33333333,5.3,1.8,15.5,\N,\N,\N,Wood,cereal,Medium,\N
-0.03,6,14.8,-28.5,115.75,8.4,\N,0.3,0.01,0.54,25.33333333,5.3,1.8,15.5,\N,\N,\N,Wood,cereal,Medium,\N
0.01,1.5,12.8,-28.5,115.75,8.4,\N,0.3,0.01,0.54,25.33333333,5.3,1.8,15.5,\N,\N,\N,Wood,cereal,Medium,\N
-0.07,3,12.8,-28.5,115.75,8.4,\N,0.3,0.01,0.54,25.33333333,5.3,1.8,15.5,\N,\N,\N,Wood,cereal,Medium,\N
0.16,6,12.8,-28.5,115.75,8.4,\N,0.3,0.01,0.54,25.33333333,5.3,1.8,15.5,\N,\N,\N,Wood,cereal,Medium,\N
0.41,1.5,15.9,-28.5,115.75,8.4,\N,0.3,0.01,0.54,25.33333333,5.3,1.8,15.5,\N,\N,\N,Wood,cereal,Medium,\N
0.38,3,15.9,-28.5,115.75,8.4,\N,0.3,0.01,0.54,25.33333333,5.3,1.8,15.5,\N,\N,\N,Wood,cereal,Medium,\N
0.36,6,15.9,-28.5,115.75,8.4,\N,0.3,0.01,0.54,25.33333333,5.3,1.8,15.5,\N,\N,\N,Wood,cereal,Medium,\N
0.37,11,30,-3,-60,\N,500,0.75,\N,\N,\N,4.7,1.6,24,\N,\N,\N,Wood,cereal,Light,slow
0.98,11,55,-3,-60,\N,500,0.75,\N,\N,\N,4.7,1.6,24,\N,\N,\N,Wood,cereal,Light,slow
0.54,11,30,-3,-60,\N,500,0.75,\N,\N,\N,4.7,1.6,24,\N,\N,\N,Wood,cereal,Light,slow
2.02,11,55,-3,-60,\N,500,0.75,\N,\N,\N,4.7,1.6,24,\N,\N,\N,Wood,cereal,Light,slow
-0.01,10,271,38.55,121.74,9.7,900,0.55,0,0.4,117.6595745,7.8,33.4,11.6,0.49,0.29,0.22,Nonwood,vegetable,Light,fast
-0.08,10,271,38.55,121.74,9.7,900,0.55,0,0.4,117.6595745,7.8,33.4,11.6,0.49,0.29,0.22,Nonwood,vegetable,Light,fast
-0.54,10,271,38.55,121.74,9.7,900,0.55,0,0.4,117.6595745,7.8,33.4,11.6,0.49,0.29,0.22,Nonwood,vegetable,Light,fast
-0.41,10,271,38.55,121.74,9.7,900,0.55,0,0.4,117.6595745,7.8,33.4,11.6,0.49,0.29,0.22,Nonwood,vegetable,Light,fast
-0.03,48.52,150,19.42,-98.82,\N,200,\N,\N,\N,\N,8.9,\N,29.1,\N,\N,\N,Wood,cereal,Medium,slow
-0.14,97.03,150,19.42,-98.82,\N,200,\N,\N,\N,\N,8.9,\N,29.1,\N,\N,\N,Wood,cereal,Medium,slow
-0.07,145.55,150,19.42,-98.82,\N,200,\N,\N,\N,\N,8.9,\N,29.1,\N,\N,\N,Wood,cereal,Medium,slow
-0.12,48.52,150,19.42,-98.82,\N,200,\N,\N,\N,\N,8.9,\N,29.1,\N,\N,\N,Wood,cereal,Medium,slow
-0.08,97.03,150,19.42,-98.82,\N,200,\N,\N,\N,\N,8.9,\N,29.1,\N,\N,\N,Wood,cereal,Medium,slow
-0.07,145.55,150,19.42,-98.82,\N,200,\N,\N,\N,\N,8.9,\N,29.1,\N,\N,\N,Wood,cereal,Medium,slow
0.07,15,135,-8.5,116.5,9.9,254,0.81,0,0.07,237.0588235,5.97,11.74,8.9,0.55,0.36,0.09,Nonwood,cereal,Light,slow
0.19,15,135,-8.5,116.5,9.9,254,0.81,0,0.07,237.0588235,5.97,11.74,8.9,0.55,0.36,0.09,Nonwood,cereal,Light,slow
0.09,15,135,-8.5,116.5,8.9,254,0.24,0.01,0.75,32.19178082,5.97,16.79,8.9,0.55,0.36,0.09,Manure,cereal,Light,slow
0.21,15,135,-8.5,116.5,8.9,254,0.24,0.01,0.75,32.19178082,5.97,16.79,8.9,0.55,0.36,0.09,Manure,cereal,Light,slow
0.11,8,0,19.5,102,7.5,\N,0.87,\N,\N,\N,5.4,11,13,0.29,0.43,0.28,Wood,cereal,Medium,\N
0.29,9.55,0,16.5,98.5,9.1,500,0.33,0.02,\N,20.24691358,6.9,0.98,1.31,\N,\N,\N,Manure,fruit,Medium,slow
0.33,19.09,0,16.5,98.5,9.1,500,0.33,0.02,\N,20.24691358,6.9,0.98,1.31,\N,\N,\N,Manure,fruit,Medium,slow
0.35,28.64,0,16.5,98.5,9.1,500,0.33,0.02,\N,20.24691358,6.9,0.98,1.31,\N,\N,\N,Manure,fruit,Medium,slow
0.31,9.55,0,16.5,98.5,9.1,500,0.33,0.02,\N,20.24691358,6.9,0.98,1.31,\N,\N,\N,Manure,fruit,Medium,slow
0.36,19.09,0,16.5,98.5,9.1,500,0.33,0.02,\N,20.24691358,6.9,0.98,1.31,\N,\N,\N,Manure,fruit,Medium,slow
0.36,28.64,0,16.5,98.5,9.1,500,0.33,0.02,\N,20.24691358,6.9,0.98,1.31,\N,\N,\N,Manure,fruit,Medium,slow
0.32,9.55,0,16.5,98.5,9.1,500,0.33,0.02,\N,20.24691358,6.9,0.98,1.31,\N,\N,\N,Manure,fruit,Medium,slow
0.36,19.09,0,16.5,98.5,9.1,500,0.33,0.02,\N,20.24691358,6.9,0.98,1.31,\N,\N,\N,Manure,fruit,Medium,slow
0.38,28.64,0,16.5,98.5,9.1,500,0.33,0.02,\N,20.24691358,6.9,0.98,1.31,\N,\N,\N,Manure,fruit,Medium,slow
0.3,9.55,0,16.5,98.5,9.1,500,0.33,0.02,\N,20.24691358,6.9,0.98,1.31,\N,\N,\N,Manure,fruit,Medium,slow
0.35,19.09,0,16.5,98.5,9.1,500,0.33,0.02,\N,20.24691358,6.9,0.98,1.31,\N,\N,\N,Manure,fruit,Medium,slow
0.37,28.64,0,16.5,98.5,9.1,500,0.33,0.02,\N,20.24691358,6.9,0.98,1.31,\N,\N,\N,Manure,fruit,Medium,slow
0.08,\N,\N,-43.63,172.5,5.15,300,0.62,0,\N,1555,5.5,14,\N,\N,\N,\N,Wood,grass,Medium,slow
-0.28,\N,\N,-43.63,172.5,7.77,300,0.62,0,\N,1555,5.5,14,\N,\N,\N,\N,Wood,grass,Medium,slow
-0.21,\N,\N,-43.63,172.5,5.15,300,0.76,0,\N,541.4285714,5.5,14,\N,\N,\N,\N,Wood,grass,Medium,slow
-0.41,\N,\N,-43.63,172.5,7.77,300,0.76,0,\N,541.4285714,5.5,14,\N,\N,\N,\N,Wood,grass,Medium,slow
0.13,\N,\N,-43.63,172.5,5.15,350,0.77,0,\N,1187.692308,5.5,14,\N,\N,\N,\N,Wood,grass,Medium,slow
-0.32,\N,\N,-43.63,172.5,7.77,350,0.77,0,\N,1187.692308,5.5,14,\N,\N,\N,\N,Wood,grass,Medium,slow
-0.26,\N,\N,-43.63,172.5,5.15,500,0.83,0,\N,375.4545455,5.5,14,\N,\N,\N,\N,Wood,grass,Medium,slow
-0.62,\N,\N,-43.63,172.5,7.77,500,0.83,0,\N,375.4545455,5.5,14,\N,\N,\N,\N,Wood,grass,Medium,slow
1.12,\N,\N,-43.63,172.5,5.97,300,0.62,0,\N,1555,5.5,14,\N,\N,\N,\N,Wood,grass,Medium,slow
0.77,\N,\N,-43.63,172.5,6.64,300,0.62,0,\N,1555,5.5,14,\N,\N,\N,\N,Wood,grass,Medium,slow
0.93,\N,\N,-43.63,172.5,5.97,300,0.76,0,\N,541.4285714,5.5,14,\N,\N,\N,\N,Wood,grass,Medium,slow
0.67,\N,\N,-43.63,172.5,6.64,300,0.76,0,\N,541.4285714,5.5,14,\N,\N,\N,\N,Wood,grass,Medium,slow
-0.92,1.5,0,-40.35,175.61,\N,\N,0.26,0.03,\N,10.03846154,5.8,2.04,5,\N,\N,\N,Manure,grass,Light,\N
-0.69,5,0,-40.35,175.61,\N,\N,0.26,0.03,\N,10.03846154,5.8,2.04,5,\N,\N,\N,Manure,grass,Light,\N
-0.63,10,0,-40.35,175.61,\N,\N,0.26,0.03,\N,10.03846154,5.8,2.04,5,\N,\N,\N,Manure,grass,Light,\N
0.36,1.5,113,-40.35,175.61,\N,\N,0.26,0.03,\N,10.03846154,5.8,2.04,5,\N,\N,\N,Manure,grass,Light,\N
0.53,5,113,-40.35,175.61,\N,\N,0.26,0.03,\N,10.03846154,5.8,2.04,5,\N,\N,\N,Manure,grass,Light,\N
0.69,10,113,-40.35,175.61,\N,\N,0.26,0.03,\N,10.03846154,5.8,2.04,5,\N,\N,\N,Manure,grass,Light,\N
0.87,\N,\N,-43.63,172.5,5.97,350,0.77,0,\N,1187.692308,5.5,14,\N,\N,\N,\N,Wood,grass,Medium,slow
0.78,\N,\N,-43.63,172.5,6.64,350,0.77,0,\N,1187.692308,5.5,14,\N,\N,\N,\N,Wood,grass,Medium,slow
0.68,\N,\N,-43.63,172.5,5.97,500,0.83,0,\N,375.4545455,5.5,14,\N,\N,\N,\N,Wood,grass,Medium,slow
0.66,\N,\N,-43.63,172.5,6.64,500,0.83,0,\N,375.4545455,5.5,14,\N,\N,\N,\N,Wood,grass,Medium,slow
0,15,\N,-43.63,172.5,7.8,\N,0.77,0,\N,1187.692308,5.5,14,\N,\N,\N,\N,Wood,grass,Medium,slow
0.2,30,\N,-43.63,172.5,7.8,\N,0.77,0,\N,1187.692308,5.5,14,\N,\N,\N,\N,Wood,grass,Medium,slow
-0.19,15,\N,-43.63,172.5,7.8,\N,0.77,0,\N,1187.692308,5.5,14,\N,\N,\N,\N,Wood,grass,Medium,slow
-0.21,30,\N,-43.63,172.5,7.8,\N,0.77,0,\N,1187.692308,5.5,14,\N,\N,\N,\N,Wood,grass,Medium,slow
0.13,15,\N,-43.63,172.5,7.8,\N,0.77,0,\N,1187.692308,5.5,14,\N,\N,\N,\N,Wood,grass,Medium,slow
-0.1,30,\N,-43.63,172.5,7.8,\N,0.77,0,\N,1187.692308,5.5,14,\N,\N,\N,\N,Wood,grass,Medium,slow
0.34,2.28,0,35.5,136.75,9.93,450,0.5,\N,\N,\N,5.62,\N,8.8,\N,\N,\N,Manure,legume,Light,slow
0.9,2.28,0,35.5,136.75,9.93,450,0.5,\N,\N,\N,5.62,\N,8.8,\N,\N,\N,Manure,legume,Light,slow
0.49,2.28,0,35.5,136.75,9.93,450,0.5,\N,\N,\N,5.62,\N,8.8,\N,\N,\N,Manure,legume,Light,slow
0.69,2.28,0,35.5,136.75,9.93,450,0.5,\N,\N,\N,5.62,\N,8.8,\N,\N,\N,Manure,legume,Light,slow
0.19,4.95,0,35.5,136.75,7.76,500,0.5,\N,\N,\N,5.62,\N,8.8,\N,\N,\N,Manure,legume,Light,slow
0.46,4.95,0,35.5,136.75,7.76,500,0.5,\N,\N,\N,5.62,\N,8.8,\N,\N,\N,Manure,legume,Light,slow
0.35,4.95,0,35.5,136.75,7.76,500,0.5,\N,\N,\N,5.62,\N,8.8,\N,\N,\N,Manure,legume,Light,slow
0.52,4.95,0,35.5,136.75,7.76,500,0.5,\N,\N,\N,5.62,\N,8.8,\N,\N,\N,Manure,legume,Light,slow
0.17,30,\N,\N,\N,10.6,300,0.52,\N,\N,\N,7.91,19.3,14.7,0.29,0.6,0.11,Nonwood,forb,Medium,slow
0.36,30,\N,\N,\N,10.6,300,0.52,\N,\N,\N,7.91,19.3,14.7,0.29,0.6,0.11,Nonwood,forb,Medium,slow
0.41,10,100,11.5,105,9.3,550,\N,\N,\N,\N,5.8,\N,\N,\N,\N,\N,Nonwood,vegetable,\N,slow
0.56,20,100,11.5,105,9.3,550,\N,\N,\N,\N,5.8,\N,\N,\N,\N,\N,Nonwood,vegetable,\N,slow
0.75,30,100,11.5,105,9.3,550,\N,\N,\N,\N,5.8,\N,\N,\N,\N,\N,Nonwood,vegetable,\N,slow
0.69,40,100,11.5,105,9.3,550,\N,\N,\N,\N,5.8,\N,\N,\N,\N,\N,Nonwood,vegetable,\N,slow
1.25,50,100,11.5,105,9.3,550,\N,\N,\N,\N,5.8,\N,\N,\N,\N,\N,Nonwood,vegetable,\N,slow
0.1,10,100,11.5,105,9.3,550,\N,\N,\N,\N,5.8,\N,\N,\N,\N,\N,Nonwood,vegetable,\N,slow
0.19,20,100,11.5,105,9.3,550,\N,\N,\N,\N,5.8,\N,\N,\N,\N,\N,Nonwood,vegetable,\N,slow
2.62,30,100,11.5,105,9.3,550,\N,\N,\N,\N,5.8,\N,\N,\N,\N,\N,Nonwood,vegetable,\N,slow
2.76,40,100,11.5,105,9.3,550,\N,\N,\N,\N,5.8,\N,\N,\N,\N,\N,Nonwood,vegetable,\N,slow
2.82,50,100,11.5,105,9.3,550,\N,\N,\N,\N,5.8,\N,\N,\N,\N,\N,Nonwood,vegetable,\N,slow
0.37,10,100,11.5,105,9.3,550,\N,\N,\N,\N,5.8,\N,\N,\N,\N,\N,Nonwood,vegetable,\N,slow
0.53,20,100,11.5,105,9.3,550,\N,\N,\N,\N,5.8,\N,\N,\N,\N,\N,Nonwood,vegetable,\N,slow
0.74,30,100,11.5,105,9.3,550,\N,\N,\N,\N,5.8,\N,\N,\N,\N,\N,Nonwood,vegetable,\N,slow
0.92,40,100,11.5,105,9.3,550,\N,\N,\N,\N,5.8,\N,\N,\N,\N,\N,Nonwood,vegetable,\N,slow
1.25,50,100,11.5,105,9.3,550,\N,\N,\N,\N,5.8,\N,\N,\N,\N,\N,Nonwood,vegetable,\N,slow
-0.02,10,100,11.5,105,9.3,550,\N,\N,\N,\N,5.8,\N,\N,\N,\N,\N,Nonwood,vegetable,\N,slow
0.13,20,100,11.5,105,9.3,550,\N,\N,\N,\N,5.8,\N,\N,\N,\N,\N,Nonwood,vegetable,\N,slow
0.25,30,100,11.5,105,9.3,550,\N,\N,\N,\N,5.8,\N,\N,\N,\N,\N,Nonwood,vegetable,\N,slow
0.29,40,100,11.5,105,9.3,550,\N,\N,\N,\N,5.8,\N,\N,\N,\N,\N,Nonwood,vegetable,\N,slow
0.32,50,100,11.5,105,9.3,550,\N,\N,\N,\N,5.8,\N,\N,\N,\N,\N,Nonwood,vegetable,\N,slow
-0.69,1.5,0,-40.35,175.61,\N,\N,0.45,0.02,\N,23.06122449,5.8,2.04,5,\N,\N,\N,Nonwood,grass,Light,\N
-0.63,5,0,-40.35,175.61,\N,\N,0.45,0.02,\N,23.06122449,5.8,2.04,5,\N,\N,\N,Nonwood,grass,Light,\N
-0.63,10,0,-40.35,175.61,\N,\N,0.45,0.02,\N,23.06122449,5.8,2.04,5,\N,\N,\N,Nonwood,grass,Light,\N
0.15,1.5,113,-40.35,175.61,\N,\N,0.45,0.02,\N,23.06122449,5.8,2.04,5,\N,\N,\N,Nonwood,grass,Light,\N
0.54,5,113,-40.35,175.61,\N,\N,0.45,0.02,\N,23.06122449,5.8,2.04,5,\N,\N,\N,Nonwood,grass,Light,\N
0.84,10,113,-40.35,175.61,\N,\N,0.45,0.02,\N,23.06122449,5.8,2.04,5,\N,\N,\N,Nonwood,grass,Light,\N
-0.37,12,0,32.5,119.75,10.2,400,0.63,0.01,\N,110.877193,7.6,\N,18.3,0.58,0.29,0.14,Nonwood,cereal,Light,slow
-0.08,12,0,28.25,117,10.2,400,0.63,0.01,\N,110.877193,4.4,\N,6.35,0.37,0.35,0.29,Nonwood,cereal,Light,slow
-0.47,12,0,32.5,119.75,10.2,400,0.63,0.01,\N,110.877193,7.6,\N,18.3,0.58,0.29,0.14,Nonwood,cereal,Light,slow
-0.13,12,0,28.25,117,10.2,400,0.63,0.01,\N,110.877193,4.4,\N,6.35,0.37,0.35,0.29,Nonwood,cereal,Light,slow
0.08,2,\N,26.5,127.5,\N,\N,\N,\N,\N,\N,\N,\N,\N,\N,\N,\N,Wood,grass,\N,\N
0.1,4,\N,26.5,127.5,\N,\N,\N,\N,\N,\N,\N,\N,\N,\N,\N,\N,Wood,grass,\N,\N
0.06,8,\N,26.5,127.5,\N,\N,\N,\N,\N,\N,\N,\N,\N,\N,\N,\N,Wood,grass,\N,\N
0.02,12,250,32.5,119.75,\N,400,0.67,0.01,\N,73.2967033,7.6,\N,18.3,0.58,0.29,0.14,Nonwood,cereal,Light,slow
0.04,12,250,28.25,117,\N,400,0.67,0.01,\N,73.2967033,4.4,\N,6.35,0.37,0.35,0.29,Nonwood,cereal,Medium,slow
-0.25,12,250,32.5,119.75,\N,400,0.67,0.01,\N,73.2967033,7.6,\N,18.3,0.58,0.29,0.14,Nonwood,cereal,Medium,slow
0.15,12,250,28.25,117,\N,400,0.67,0.01,\N,73.2967033,4.4,\N,6.35,0.37,0.35,0.29,Nonwood,cereal,Medium,slow
0.68,40,75,-2.75,104.25,7.4,310,0.4,0.01,\N,38.26923077,4.4,\N,\N,\N,\N,\N,Wood,cereal,Medium,slow
0.12,40,75,-2.75,104.25,7.4,310,0.4,0.01,\N,38.26923077,4.4,\N,\N,\N,\N,\N,Wood,legume,Medium,slow
0.31,40,75,-2.75,104.25,7.4,310,0.4,0.01,\N,38.26923077,4.4,\N,\N,\N,\N,\N,Wood,legume,Medium,slow
-0.05,40,75,-2.75,104.25,7.4,310,0.4,0.01,\N,38.26923077,4.4,\N,\N,\N,\N,\N,Wood,cereal,Medium,slow
0.09,40,75,-2.75,104.25,7.4,310,0.4,0.01,\N,38.26923077,4.4,\N,\N,\N,\N,\N,Wood,legume,Medium,slow
0.11,40,75,-2.75,104.25,7.4,310,0.4,0.01,\N,38.26923077,4.4,\N,\N,\N,\N,\N,Wood,legume,Medium,slow
-0.2,8,0,19.5,102,7.5,\N,0.87,\N,\N,\N,7.7,24,28,0.17,0.43,0.4,Wood,cereal,Medium,\N
0.22,37,0,-2.75,104.25,7.4,310,0.4,0.01,\N,38.26923077,4.4,\N,\N,\N,\N,\N,Wood,cereal,Medium,slow
0.38,37,500,-2.75,104.25,7.4,310,0.4,0.01,\N,38.26923077,4.4,\N,\N,\N,\N,\N,Wood,cereal,Medium,slow
0.02,3,0,6.75,-1.5,\N,\N,0.39,0.01,\N,69.63578947,5.64,\N,15.6,0.6,0.37,0.03,Wood,cereal,Light,\N
0.09,3,120,6.75,-1.5,\N,\N,0.39,0.01,\N,69.63578947,5.64,\N,15.6,0.6,0.37,0.03,Wood,cereal,Light,\N
0,3,\N,6.75,-1.5,\N,\N,0.39,0.01,\N,69.63578947,5.64,\N,15.6,0.6,0.37,0.03,Wood,cereal,Light,\N
-0.04,3,0,6.75,-1.5,\N,\N,0.39,0.01,\N,69.63578947,4.22,\N,9.7,0.31,0.53,0.16,Wood,cereal,Medium,\N
-0.06,3,120,6.75,-1.5,\N,\N,0.39,0.01,\N,69.63578947,4.22,\N,9.7,0.31,0.53,0.16,Wood,cereal,Medium,\N
0.05,3,\N,6.75,-1.5,\N,\N,0.39,0.01,\N,69.63578947,4.22,\N,9.7,0.31,0.53,0.16,Wood,cereal,Medium,\N
0.11,10,300,31.5,119.75,10.4,450,0.47,0.01,0.21,79.15254237,6.48,\N,23.5,\N,\N,0.39,Nonwood,cereal,Medium,slow
0.13,40,300,31.5,119.75,10.4,450,0.47,0.01,0.21,79.15254237,6.48,\N,23.5,\N,\N,0.39,Nonwood,cereal,Medium,slow
0.08,10,300,31.5,119.75,10.4,450,0.47,0.01,0.21,79.15254237,6.53,\N,23.2,\N,\N,0.39,Nonwood,cereal,Medium,slow
0.11,40,300,31.5,119.75,10.4,450,0.47,0.01,0.21,79.15254237,6.53,\N,23.2,\N,\N,0.39,Nonwood,cereal,Medium,slow
0.09,10,300,31.5,119.75,10.4,450,0.47,0.01,0.21,79.15254237,6.5,\N,23.5,\N,\N,0.39,Nonwood,cereal,Medium,slow
0.1,20,300,31.5,119.75,10.4,450,0.47,0.01,0.21,79.15254237,6.5,\N,23.5,\N,\N,0.39,Nonwood,cereal,Medium,slow
0.11,40,300,31.5,119.75,10.4,450,0.47,0.01,0.21,79.15254237,6.5,\N,23.5,\N,\N,0.39,Nonwood,cereal,Medium,slow
0.24,10,300,31.5,119.75,10.4,450,0.47,0.01,0.21,79.15254237,6.5,\N,23.5,\N,\N,0.39,Nonwood,cereal,Medium,slow
0.09,20,300,31.5,119.75,10.4,450,0.47,0.01,0.21,79.15254237,6.5,\N,23.5,\N,\N,0.39,Nonwood,cereal,Medium,slow
0.2,40,300,31.5,119.75,10.4,450,0.47,0.01,0.21,79.15254237,6.5,\N,23.5,\N,\N,0.39,Nonwood,cereal,Medium,slow
0.17,20,300,34.5,115.5,10.4,450,0.47,0.01,0.21,79.15254237,8.38,\N,9.87,\N,\N,\N,Nonwood,cereal,Medium,slow
0.11,40,300,34.5,115.5,10.4,450,0.47,0.01,0.21,79.15254237,8.38,\N,9.87,\N,\N,\N,Nonwood,cereal,Medium,slow
0.15,20,0,34.5,115.5,10.4,450,0.47,0.01,0.21,79.15254237,8.38,\N,9.87,\N,\N,\N,Nonwood,cereal,Medium,slow
0.07,40,0,34.5,115.5,10.4,450,0.47,0.01,0.21,79.15254237,8.38,\N,9.87,\N,\N,\N,Nonwood,cereal,Medium,slow
0.06,8,0,19.5,102,7.5,\N,0.87,\N,\N,\N,5.6,18,30,0.54,0.21,0.26,Wood,cereal,Medium,\N
0.02,10,60,35.5,134.25,9.2,500,0.03,0,\N,22.25827815,6.36,0.71,\N,0.95,0.01,0.04,Manure,cereal,Light,slow
0.75,15,60,35.5,134.25,9.2,500,0.03,0,\N,22.25827815,6.36,0.71,\N,0.95,0.01,0.04,Manure,cereal,Light,slow
0.56,20,60,35.5,134.25,9.2,500,0.03,0,\N,22.25827815,6.36,0.71,\N,0.95,0.01,0.04,Manure,cereal,Light,slow
0.07,10,60,35.5,134.25,9.2,500,0.03,0,\N,22.25827815,6.36,0.71,\N,0.95,0.01,0.04,Manure,cereal,Light,slow
0.92,15,60,35.5,134.25,9.2,500,0.03,0,\N,22.25827815,6.36,0.71,\N,0.95,0.01,0.04,Manure,cereal,Light,slow
0.68,20,60,35.5,134.25,9.2,500,0.03,0,\N,22.25827815,6.36,0.71,\N,0.95,0.01,0.04,Manure,cereal,Light,slow
-0.11,8,0,19.5,102,7.5,\N,0.87,\N,\N,\N,6.8,15,22,0.29,0.41,0.3,Wood,cereal,Medium,\N
0.04,10,\N,\N,\N,7.2,500,0.84,0.01,\N,70,6.7,\N,\N,0.55,0.3,0.15,Wood,grass,Light,slow
0.33,30,\N,\N,\N,7.2,500,0.84,0.01,\N,70,6.7,\N,\N,0.55,0.3,0.15,Wood,grass,Light,slow
0.89,60,\N,\N,\N,7.2,500,0.84,0.01,\N,70,6.7,\N,\N,0.55,0.3,0.15,Wood,grass,Light,slow
-0.21,100,\N,\N,\N,7.2,500,0.84,0.01,\N,70,6.7,\N,\N,0.55,0.3,0.15,Wood,grass,Light,slow
-0.31,120,\N,\N,\N,7.2,500,0.84,0.01,\N,70,6.7,\N,\N,0.55,0.3,0.15,Wood,grass,Light,slow
0.03,10,\N,\N,\N,7.2,500,0.84,0.01,\N,70,6.7,\N,\N,0.55,0.3,0.15,Wood,grass,Light,slow
0.19,30,\N,\N,\N,7.2,500,0.84,0.01,\N,70,6.7,\N,\N,0.55,0.3,0.15,Wood,grass,Light,slow
0.75,60,\N,\N,\N,7.2,500,0.84,0.01,\N,70,6.7,\N,\N,0.55,0.3,0.15,Wood,grass,Light,slow
-0.13,100,\N,\N,\N,7.2,500,0.84,0.01,\N,70,6.7,\N,\N,0.55,0.3,0.15,Wood,grass,Light,slow
-0.41,120,\N,\N,\N,7.2,500,0.84,0.01,\N,70,6.7,\N,\N,0.55,0.3,0.15,Wood,grass,Light,slow
0.22,10,114,\N,\N,7.2,500,0.84,0.01,\N,70,8,16,\N,0.35,0.36,0.29,Wood,cereal,Medium,slow
0.1,10,114,\N,\N,7.2,500,0.84,0.01,\N,70,8,16,\N,0.35,0.36,0.29,Wood,cereal,Medium,slow
0.22,10,413,\N,\N,7.2,500,0.84,0.01,\N,70,7.1,\N,\N,0.27,0.58,0.15,Wood,cereal,Medium,slow
0.05,10,413,\N,\N,7.2,500,0.84,0.01,\N,70,7.1,\N,\N,0.27,0.58,0.15,Wood,cereal,Medium,slow
0.07,10,\N,4.6,9.5,\N,550,\N,\N,\N,\N,\N,\N,\N,\N,\N,\N,Wood,cereal,\N,slow
0.12,20,\N,4.6,9.5,\N,550,\N,\N,\N,\N,\N,\N,\N,\N,\N,\N,Wood,cereal,\N,slow
0.14,10,\N,4.6,9.5,\N,550,\N,\N,\N,\N,\N,\N,\N,\N,\N,\N,Wood,cereal,\N,slow
0.24,20,\N,4.6,9.5,\N,550,\N,\N,\N,\N,\N,\N,\N,\N,\N,\N,Wood,cereal,\N,slow
0,10,\N,4.6,9.5,\N,550,\N,\N,\N,\N,\N,\N,\N,\N,\N,\N,Wood,cereal,\N,slow
0.17,20,\N,4.6,9.5,\N,550,\N,\N,\N,\N,\N,\N,\N,\N,\N,\N,Wood,cereal,\N,slow
0.28,10,0,4.6,9.5,\N,550,\N,\N,\N,\N,\N,\N,\N,\N,\N,\N,Wood,cereal,\N,slow
0.28,20,0,4.6,9.5,\N,550,\N,\N,\N,\N,\N,\N,\N,\N,\N,\N,Wood,cereal,\N,slow
0.18,10,\N,4.6,9.5,\N,550,\N,\N,\N,\N,\N,\N,\N,\N,\N,\N,Wood,cereal,\N,slow
0.26,20,\N,4.6,9.5,\N,550,\N,\N,\N,\N,\N,\N,\N,\N,\N,\N,Wood,cereal,\N,slow
0.21,10,\N,4.6,9.5,\N,550,\N,\N,\N,\N,\N,\N,\N,\N,\N,\N,Wood,cereal,\N,slow
0.16,20,\N,4.6,9.5,\N,550,\N,\N,\N,\N,\N,\N,\N,\N,\N,\N,Wood,cereal,\N,slow
0.13,10,\N,4.6,9.5,\N,550,\N,\N,\N,\N,\N,\N,\N,\N,\N,\N,Wood,cereal,\N,slow
0.28,20,\N,4.6,9.5,\N,550,\N,\N,\N,\N,\N,\N,\N,\N,\N,\N,Wood,cereal,\N,slow
0.39,10,0,4.6,9.5,\N,550,\N,\N,\N,\N,\N,\N,\N,\N,\N,\N,Wood,cereal,\N,slow
0.39,20,0,4.6,9.5,\N,550,\N,\N,\N,\N,\N,\N,\N,\N,\N,\N,Wood,cereal,\N,slow
0,1.5,55,-28.5,115.97,8.4,\N,0.3,0.01,0.54,25.33333333,\N,\N,\N,\N,\N,\N,Wood,cereal,Medium,\N
0.05,3,55,-28.5,115.97,8.4,\N,0.3,0.01,0.54,25.33333333,\N,\N,\N,\N,\N,\N,Wood,cereal,Medium,\N
0.01,6,55,-28.5,115.97,8.4,\N,0.3,0.01,0.54,25.33333333,\N,\N,\N,\N,\N,\N,Wood,cereal,Medium,\N
0.01,1.5,30,-28.5,115.97,8.4,\N,0.3,0.01,0.54,25.33333333,\N,\N,\N,\N,\N,\N,Wood,cereal,Medium,\N
-0.05,3,30,-28.5,115.97,8.4,\N,0.3,0.01,0.54,25.33333333,\N,\N,\N,\N,\N,\N,Wood,cereal,Medium,\N
0.21,6,30,-28.5,115.97,8.4,\N,0.3,0.01,0.54,25.33333333,\N,\N,\N,\N,\N,\N,Wood,cereal,Medium,\N
0.41,1.5,100,-28.5,115.97,8.4,\N,0.3,0.01,0.54,25.33333333,\N,\N,\N,\N,\N,\N,Wood,cereal,Medium,\N
0.4,3,100,-28.5,115.97,8.4,\N,0.3,0.01,0.54,25.33333333,\N,\N,\N,\N,\N,\N,Wood,cereal,Medium,\N
0.4,6,100,-28.5,115.97,8.4,\N,0.3,0.01,0.54,25.33333333,\N,\N,\N,\N,\N,\N,Wood,cereal,Medium,\N
0.06,1.5,110,-30.36,117.12,8.4,\N,0.3,0.01,0.54,25.33333333,\N,\N,\N,\N,\N,\N,Wood,cereal,Medium,\N
0.06,3,110,-30.36,117.12,8.4,\N,0.3,0.01,0.54,25.33333333,\N,\N,\N,\N,\N,\N,Wood,cereal,Medium,\N
0.08,6,110,-30.36,117.12,8.4,\N,0.3,0.01,0.54,25.33333333,\N,\N,\N,\N,\N,\N,Wood,cereal,Medium,\N
0.08,3,110,-30.36,117.12,8.4,\N,0.3,0.01,0.54,25.33333333,\N,\N,\N,\N,\N,\N,Wood,cereal,Medium,\N
-0.1,0.2,0,-28.75,114.88,\N,650,0.46,0,\N,93.87755102,5.7,\N,6,\N,\N,\N,Wood,cereal,Light,slow
-0.07,0.2,2.5,-28.75,114.88,\N,650,0.46,0,\N,93.87755102,5.7,\N,6,\N,\N,\N,Wood,cereal,Light,slow
-0.11,0.2,5,-28.75,114.88,\N,650,0.46,0,\N,93.87755102,5.7,\N,6,\N,\N,\N,Wood,cereal,Light,slow
0.06,0.75,0,-28.75,114.88,\N,650,0.46,0,\N,93.87755102,5.7,\N,6,\N,\N,\N,Wood,cereal,Light,slow
0.1,0.75,2.5,-28.75,114.88,\N,650,0.46,0,\N,93.87755102,5.7,\N,6,\N,\N,\N,Wood,cereal,Light,slow
-0.07,0.75,5,-28.75,114.88,\N,650,0.46,0,\N,93.87755102,5.7,\N,6,\N,\N,\N,Wood,cereal,Light,slow
0.04,1.5,0,-28.75,114.88,\N,650,0.46,0,\N,93.87755102,5.7,\N,6,\N,\N,\N,Wood,cereal,Light,slow
0.13,1.5,2.5,-28.75,114.88,\N,650,0.46,0,\N,93.87755102,5.7,\N,6,\N,\N,\N,Wood,cereal,Light,slow
0.03,1.5,5,-28.75,114.88,\N,650,0.46,0,\N,93.87755102,5.7,\N,6,\N,\N,\N,Wood,cereal,Light,slow
0.05,3,0,-28.75,114.88,\N,650,0.46,0,\N,93.87755102,5.7,\N,6,\N,\N,\N,Wood,cereal,Light,slow
0.16,3,2.5,-28.75,114.88,\N,650,0.46,0,\N,93.87755102,5.7,\N,6,\N,\N,\N,Wood,cereal,Light,slow
0.02,3,5,-28.75,114.88,\N,650,0.46,0,\N,93.87755102,5.7,\N,6,\N,\N,\N,Wood,cereal,Light,slow
0.2,6,0,-28.75,114.88,\N,650,0.46,0,\N,93.87755102,5.7,\N,6,\N,\N,\N,Wood,cereal,Light,slow
0.21,6,2.5,-28.75,114.88,\N,650,0.46,0,\N,93.87755102,5.7,\N,6,\N,\N,\N,Wood,cereal,Light,slow
0.05,6,5,-28.75,114.88,\N,650,0.46,0,\N,93.87755102,5.7,\N,6,\N,\N,\N,Wood,cereal,Light,slow
0.14,10,0,-28.75,114.88,\N,650,0.46,0,\N,93.87755102,5.7,\N,6,\N,\N,\N,Wood,cereal,Light,slow
0.06,10,2.5,-28.75,114.88,\N,650,0.46,0,\N,93.87755102,5.7,\N,6,\N,\N,\N,Wood,cereal,Light,slow
-0.06,10,5,-28.75,114.88,\N,650,0.46,0,\N,93.87755102,5.7,\N,6,\N,\N,\N,Wood,cereal,Light,slow
0.09,30,\N,34,71.5,\N,\N,\N,\N,\N,\N,\N,\N,\N,\N,\N,\N,\N,cereal,\N,\N
0.04,30,0,34,71.5,\N,\N,\N,\N,\N,\N,\N,\N,\N,\N,\N,\N,\N,cereal,\N,\N
0.05,30,150,34,71.5,\N,\N,\N,\N,\N,\N,\N,\N,\N,\N,\N,\N,\N,cereal,\N,\N
0.28,30,\N,34,71.5,\N,\N,\N,\N,\N,\N,\N,\N,\N,\N,\N,\N,\N,cereal,\N,\N
0.16,30,0,34,71.5,\N,\N,\N,\N,\N,\N,\N,\N,\N,\N,\N,\N,\N,cereal,\N,\N
0.05,30,150,34,71.5,\N,\N,\N,\N,\N,\N,\N,\N,\N,\N,\N,\N,\N,cereal,\N,\N
0.25,30,122,44,11,7.2,500,0.84,0.01,\N,70,5.2,18,2.1,0.5,0.43,0.07,Wood,cereal,Light,slow
0.33,60,122,44,11,7.2,500,0.84,0.01,\N,70,5.2,18,2.1,0.5,0.43,0.07,Wood,cereal,Light,slow
0.25,30,0,44,11,7.2,500,0.84,0.01,\N,70,5.2,18,2.1,0.5,0.43,0.07,Wood,cereal,Light,slow
0.29,60,0,44,11,7.2,500,0.84,0.01,\N,70,5.2,18,2.1,0.5,0.43,0.07,Wood,cereal,Light,slow
0.19,30,0,44,11,7.2,500,0.84,0.01,\N,70,5.2,18,2.1,0.5,0.43,0.07,Wood,cereal,Light,slow
0.31,60,0,44,11,7.2,500,0.84,0.01,\N,70,5.2,18,2.1,0.5,0.43,0.07,Wood,cereal,Light,slow
0.25,30,122,44,11,7.2,500,0.84,0.01,\N,70,5.2,18,2.1,0.5,0.43,0.07,Wood,cereal,Light,slow
0.25,60,122,44,11,7.2,500,0.84,0.01,\N,70,5.2,18,2.1,0.5,0.43,0.07,Wood,cereal,Light,slow
0.28,30,0,44,11,7.2,500,0.84,0.01,\N,70,5.2,18,2.1,0.5,0.43,0.07,Wood,cereal,Light,slow
0.33,60,0,44,11,7.2,500,0.84,0.01,\N,70,5.2,18,2.1,0.5,0.43,0.07,Wood,cereal,Light,slow
0.29,30,0,44,11,7.2,500,0.84,0.01,\N,70,5.2,18,2.1,0.5,0.43,0.07,Wood,cereal,Light,slow
0.22,60,0,44,11,7.2,500,0.84,0.01,\N,70,5.2,18,2.1,0.5,0.43,0.07,Wood,cereal,Light,slow
-0.1,1,0,-30.5,115.75,\N,650,0.65,0,\N,162.5,5.8,\N,5.6,\N,\N,\N,Wood,cereal,Light,slow
0.33,1,0,-30.5,115.75,\N,650,0.65,0,\N,162.5,5.8,\N,5.6,\N,\N,\N,Wood,cereal,Light,slow
0.14,1,0,-30.5,115.75,\N,650,0.65,0,\N,162.5,5.8,\N,5.6,\N,\N,\N,Wood,cereal,Light,slow
-0.01,1,0,-30.5,115.75,\N,650,0.65,0,\N,162.5,5.8,\N,5.6,\N,\N,\N,Wood,cereal,Light,slow
0.15,1,0,-30.5,115.75,\N,650,0.65,0,\N,162.5,5.8,\N,5.6,\N,\N,\N,Wood,cereal,Light,slow
-0.14,1,0,-30.5,115.75,\N,650,0.65,0,\N,162.5,5.8,\N,5.6,\N,\N,\N,Wood,cereal,Light,slow
0.02,1,\N,-30.5,115.75,\N,650,0.65,0,\N,162.5,5.8,\N,5.6,\N,\N,\N,Wood,cereal,Light,slow
0.05,0.75,8.75,-34.5,138.75,\N,550,0.68,0,\N,168.75,8.4,\N,17.2,\N,\N,\N,Wood,cereal,Light,slow
-0.06,0.75,8.75,-34.5,138.75,\N,550,0.68,0,\N,168.75,6.5,\N,21.5,\N,\N,\N,Wood,cereal,Light,slow
-0.29,10,100,-34.12,150.5,9.4,450,0.36,0,\N,200,4.5,7.7,18,\N,\N,\N,Nonwood,root,Medium,slow
0.77,50,100,-34.12,150.5,9.4,450,0.36,0,\N,200,4.5,7.7,18,\N,\N,\N,Nonwood,root,Medium,slow
0.99,100,100,-34.12,150.5,9.4,450,0.36,0,\N,200,4.5,7.7,18,\N,\N,\N,Nonwood,root,Medium,slow
-0.69,10,0,-34.12,150.5,9.4,450,0.36,0,\N,200,4.5,7.7,18,\N,\N,\N,Nonwood,root,Medium,slow
0,50,0,-34.12,150.5,9.4,450,0.36,0,\N,200,4.5,7.7,18,\N,\N,\N,Nonwood,root,Medium,slow
0.18,100,0,-34.12,150.5,9.4,450,0.36,0,\N,200,4.5,7.7,18,\N,\N,\N,Nonwood,root,Medium,slow
0.06,25,240,26.5,127.5,7.3,600,\N,\N,\N,\N,\N,\N,\N,0.08,0.33,0.59,Nonwood,grass,Heavy,slow
0.18,8.3,240,26.5,127.5,7.2,600,\N,\N,\N,\N,\N,\N,\N,0.08,0.33,0.59,Manure,grass,Heavy,slow
0.21,\N,0,-15.27,28.87,\N,\N,\N,\N,\N,\N,\N,\N,\N,\N,\N,\N,Wood,tree,Medium,\N
0.22,0.8,77,-14.75,24.88,8,400,0.74,0.01,\N,82.22222222,5.6,4.3,3.34,\N,\N,\N,Nonwood,cereal,Light,slow
1.66,4,77,-14.75,24.88,8,400,0.74,0.01,\N,82.22222222,5.6,4.3,3.34,\N,\N,\N,Nonwood,cereal,Light,slow
0.32,0.8,77,-14.75,24.88,8,400,0.74,0.01,\N,82.22222222,5.6,4.3,3.34,\N,\N,\N,Nonwood,cereal,Light,slow
1.29,4,77,-14.75,24.88,8,400,0.74,0.01,\N,82.22222222,5.6,4.3,3.34,\N,\N,\N,Nonwood,cereal,Light,slow
0.41,0.8,77,-14.75,24.88,8.4,400,0.64,0.01,\N,80,5.6,4.3,3.34,\N,\N,\N,Wood,cereal,Light,slow
1.5,4,77,-14.75,24.88,8.4,400,0.64,0.01,\N,80,5.6,4.3,3.34,\N,\N,\N,Wood,cereal,Light,slow
0.16,0.8,77,-14.75,24.88,8.4,400,0.64,0.01,\N,80,5.6,4.3,3.34,\N,\N,\N,Wood,cereal,Light,slow
0.93,4,77,-14.75,24.88,8.4,400,0.64,0.01,\N,80,5.6,4.3,3.34,\N,\N,\N,Wood,cereal,Light,slow
0.35,4,154,-15.5,28.75,8,400,0.74,0.01,\N,82.22222222,4.8,9.1,8,\N,\N,\N,Nonwood,cereal,Light,slow
-0.69,10,16.25,-34.25,142.25,9.4,550,0.5,0,\N,104.1666667,7.67,31,\N,\N,\N,\N,Wood,root,Medium,slow
0.31,10,16.25,-34.25,142.25,9.4,550,0.5,0,\N,104.1666667,7.67,31,\N,\N,\N,\N,Wood,legume,Medium,slow
-0.64,10,16.25,-34.25,142.25,9.4,550,0.5,0,\N,104.1666667,7.67,31,\N,\N,\N,\N,Wood,cereal,Medium,slow
-0.15,10,0,-34.25,142.25,9.4,550,0.5,0,\N,104.1666667,7.67,31,\N,\N,\N,\N,Wood,legume,Medium,slow
-0.69,10,0,-34.25,142.25,9.4,550,0.5,0,\N,104.1666667,7.67,31,\N,\N,\N,\N,Wood,cereal,Medium,slow
0.41,10,0,-34.25,142.25,9.4,550,0.5,0,\N,104.1666667,7.67,31,\N,\N,\N,\N,Wood,root,Medium,slow
0.07,0.8,154,-15.5,28.75,8.4,400,0.64,0.01,\N,80,4.8,9.1,8,\N,\N,\N,Wood,cereal,Light,slow
0.27,4,154,-15.5,28.75,8.4,400,0.64,0.01,\N,80,4.8,9.1,8,\N,\N,\N,Wood,cereal,Light,slow
-0.13,0.8,77,-13.5,29.5,8,400,0.74,0.01,\N,82.22222222,6.5,3.1,4,\N,\N,\N,Nonwood,cereal,Light,slow
-0.32,4,77,-13.5,29.5,8,400,0.74,0.01,\N,82.22222222,6.5,3.1,4,\N,\N,\N,Nonwood,cereal,Light,slow
0.08,0.8,77,-13.5,29.5,8,400,0.74,0.01,\N,82.22222222,6.5,3.1,4,\N,\N,\N,Nonwood,cereal,Light,slow
-0.2,4,77,-13.5,29.5,8,400,0.74,0.01,\N,82.22222222,6.5,3.1,4,\N,\N,\N,Nonwood,cereal,Light,slow
-0.06,0.8,77,-13.5,29.5,8.4,400,0.64,0.01,\N,80,6.5,3.1,4,\N,\N,\N,Wood,cereal,Light,slow
0.15,4,77,-13.5,29.5,8.4,400,0.64,0.01,\N,80,6.5,3.1,4,\N,\N,\N,Wood,cereal,Light,slow
0,0.8,77,-13.5,29.5,8.4,400,0.64,0.01,\N,80,6.5,3.1,4,\N,\N,\N,Wood,cereal,Light,slow
0.09,4,77,-13.5,29.5,8.4,400,0.64,0.01,\N,80,6.5,3.1,4,\N,\N,\N,Wood,cereal,Light,slow
-0.01,0.8,154,-15.5,28.5,8,400,0.74,0.01,\N,82.22222222,7.9,16.6,8.7,\N,\N,\N,Nonwood,cereal,Medium,slow
-0.1,4,154,-15.5,28.5,8,400,0.74,0.01,\N,82.22222222,7.9,16.6,8.7,\N,\N,\N,Nonwood,cereal,Medium,slow
-0.29,0.8,154,-15.5,28.5,8.4,400,0.64,0.01,\N,80,7.9,16.6,8.7,\N,\N,\N,Wood,cereal,Medium,slow
-0.28,4,154,-15.5,28.5,8.4,400,0.64,0.01,\N,80,7.9,16.6,8.7,\N,\N,\N,Wood,cereal,Medium,slow
0.14,40,\N,32.2,-112,\N,\N,\N,\N,\N,\N,8.15,\N,\N,\N,\N,\N,Wood,vegetable,Medium,\N
-0.39,80,\N,32.2,-112,\N,\N,\N,\N,\N,\N,8.15,\N,\N,\N,\N,\N,Wood,vegetable,Medium,\N
0.16,40,\N,32.2,-112,\N,\N,\N,\N,\N,\N,8.15,\N,\N,\N,\N,\N,Wood,grass,Medium,\N
0,80,\N,32.2,-112,\N,\N,\N,\N,\N,\N,8.15,\N,\N,\N,\N,\N,Wood,grass,Medium,\N
0.41,40,0,32.2,-112,\N,\N,\N,\N,\N,\N,8.15,\N,\N,\N,\N,\N,Wood,vegetable,Medium,\N
0.45,80,0,32.2,-112,\N,\N,\N,\N,\N,\N,8.15,\N,\N,\N,\N,\N,Wood,vegetable,Medium,\N
0.43,40,\N,32.2,-112,\N,\N,\N,\N,\N,\N,8.15,\N,\N,\N,\N,\N,Wood,vegetable,Medium,\N
0.87,80,\N,32.2,-112,\N,\N,\N,\N,\N,\N,8.15,\N,\N,\N,\N,\N,Wood,vegetable,Medium,\N
0.25,0.8,154,-15.75,28.25,8,400,0.74,0.01,\N,82.22222222,5.9,26.2,11.61,\N,\N,\N,Nonwood,cereal,Heavy,slow
-0.25,4,154,-15.75,28.25,8,400,0.74,0.01,\N,82.22222222,5.9,26.2,11.61,\N,\N,\N,Nonwood,cereal,Heavy,slow
-0.06,0.8,154,-15.75,28.25,8.4,400,0.64,0.01,\N,80,5.9,26.2,11.61,\N,\N,\N,Wood,cereal,Heavy,slow
-0.06,4,154,-15.75,28.25,8.4,400,0.64,0.01,\N,80,5.9,26.2,11.61,\N,\N,\N,Wood,cereal,Heavy,slow
0.06,10,300,31.5,119.75,10.35,450,0.47,0.01,\N,79.15254237,6.07,18.05,20.71,\N,\N,0.39,Nonwood,cereal,Paddy,slow
0.03,20,300,31.5,119.75,10.35,450,0.47,0.01,\N,79.15254237,6.07,18.05,20.71,\N,\N,0.39,Nonwood,cereal,Paddy,slow
0.02,40,300,31.5,119.75,10.35,450,0.47,0.01,\N,79.15254237,6.07,18.05,20.71,\N,\N,0.39,Nonwood,cereal,Paddy,slow
-0.04,10,300,31.5,119.75,10.35,450,0.47,0.01,\N,79.15254237,6.07,18.05,20.71,\N,\N,0.39,Nonwood,cereal,Paddy,slow
-0.1,20,300,31.5,119.75,10.35,450,0.47,0.01,\N,79.15254237,6.07,18.05,20.71,\N,\N,0.39,Nonwood,cereal,Paddy,slow
-0.09,40,300,31.5,119.75,10.35,450,0.47,0.01,\N,79.15254237,6.07,18.05,20.71,\N,\N,0.39,Nonwood,cereal,Paddy,slow
0,10,120,31.5,119.75,10.35,450,0.47,0.01,\N,79.15254237,6.07,18.05,20.71,\N,\N,0.39,Nonwood,cereal,Paddy,slow
0.02,20,120,31.5,119.75,10.35,450,0.47,0.01,\N,79.15254237,6.07,18.05,20.71,\N,\N,0.39,Nonwood,cereal,Paddy,slow
0.03,40,120,31.5,119.75,10.35,450,0.47,0.01,\N,79.15254237,6.07,18.05,20.71,\N,\N,0.39,Nonwood,cereal,Paddy,slow
0.05,10,120,31.5,119.75,10.35,450,0.47,0.01,\N,79.15254237,6.07,18.05,20.71,\N,\N,0.39,Nonwood,cereal,Paddy,slow
0.06,20,120,31.5,119.75,10.35,450,0.47,0.01,\N,79.15254237,6.07,18.05,20.71,\N,\N,0.39,Nonwood,cereal,Paddy,slow
0.1,40,120,31.5,119.75,10.35,450,0.47,0.01,\N,79.15254237,6.07,18.05,20.71,\N,\N,0.39,Nonwood,cereal,Paddy,slow
-0.22,10,120,31.5,119.75,10.35,450,0.47,0.01,\N,79.15254237,6.07,18.05,20.71,\N,\N,0.39,Nonwood,cereal,Paddy,slow
0,20,120,31.5,119.75,10.35,450,0.47,0.01,\N,79.15254237,6.07,18.05,20.71,\N,\N,0.39,Nonwood,cereal,Paddy,slow
0,40,120,31.5,119.75,10.35,450,0.47,0.01,\N,79.15254237,6.07,18.05,20.71,\N,\N,0.39,Nonwood,cereal,Paddy,slow
0.06,10,120,31.5,119.75,10.35,450,0.47,0.01,\N,79.15254237,6.07,18.05,20.71,\N,\N,0.39,Nonwood,cereal,Paddy,slow
0.07,20,120,31.5,119.75,10.35,450,0.47,0.01,\N,79.15254237,6.07,18.05,20.71,\N,\N,0.39,Nonwood,cereal,Paddy,slow
0.11,40,120,31.5,119.75,10.35,450,0.47,0.01,\N,79.15254237,6.07,18.05,20.71,\N,\N,0.39,Nonwood,cereal,Paddy,slow
0.18,\N,90,0.33,32.6,\N,900,0.82,\N,0.12,\N,4.7,16.8,26.9,0.36,0.22,0.42,Wood,cereal,Medium,fast
-0.98,10,16.25,-34.25,142.25,8.2,550,0.52,0,\N,167.7419355,7.67,31,\N,\N,\N,\N,Wood,root,Medium,slow
0.19,10,16.25,-34.25,142.25,8.2,550,0.52,0,\N,167.7419355,7.67,31,\N,\N,\N,\N,Wood,legume,Medium,slow
-0.35,10,16.25,-34.25,142.25,8.2,550,0.52,0,\N,167.7419355,7.67,31,\N,\N,\N,\N,Wood,cereal,Medium,slow
0,10,0,-34.25,142.25,8.2,550,0.52,0,\N,167.7419355,7.67,31,\N,\N,\N,\N,Wood,legume,Medium,slow
-0.13,10,0,-34.25,142.25,8.2,550,0.52,0,\N,167.7419355,7.67,31,\N,\N,\N,\N,Wood,cereal,Medium,slow
1.25,10,0,-34.25,142.25,8.2,550,0.52,0,\N,167.7419355,7.67,31,\N,\N,\N,\N,Wood,root,Medium,slow
0.5,\N,90,0.33,32.6,\N,900,0.37,\N,0.56,\N,4.7,16.8,26.9,0.36,0.22,0.42,Nonwood,cereal,Medium,fast
0.49,\N,90,0.33,32.6,\N,600,0.61,\N,0.16,\N,4.7,16.8,26.9,0.36,0.22,0.42,Nonwood,cereal,Medium,fast
-0.05,\N,90,0.33,32.6,\N,600,0.78,\N,0.02,\N,4.7,16.8,26.9,0.36,0.22,0.42,Wood,cereal,Medium,fast
-0.03,\N,90,0.33,32.6,\N,600,0.74,\N,0.13,\N,4.7,16.8,26.9,0.36,0.22,0.42,Nonwood,cereal,Medium,fast
0.29,\N,90,0.33,32.6,\N,600,0.69,\N,0.14,\N,4.7,16.8,26.9,0.36,0.22,0.42,Nonwood,cereal,Medium,fast
0.2,\N,90,0.33,32.6,\N,600,0.21,\N,0.54,\N,4.7,16.8,26.9,0.36,0.22,0.42,Nonwood,cereal,Medium,fast
0.08,\N,\N,36,140.65,\N,\N,\N,\N,\N,\N,5.7,\N,\N,\N,\N,\N,\N,root,Heavy,\N
-0.17,10,0,51.65,9.88,5.6,190,0.52,0.02,\N,23.63636364,\N,\N,11,0.04,0.84,0.13,Nonwood,root,Medium,slow
-0.12,10,50,51.65,9.88,5.6,190,0.52,0.02,\N,23.63636364,\N,\N,\N,0.04,0.84,0.13,Nonwood,root,Medium,slow
-0.03,10,100,51.65,9.88,5.6,190,0.52,0.02,\N,23.63636364,\N,\N,\N,0.04,0.84,0.13,Nonwood,root,Medium,slow
0,10,150,51.65,9.88,5.6,190,0.52,0.02,\N,23.63636364,\N,\N,\N,0.04,0.84,0.13,Nonwood,root,Medium,slow
0,10,0,51.65,9.88,5.6,190,0.52,0.02,\N,23.63636364,\N,\N,\N,0.04,0.84,0.13,Nonwood,root,Medium,slow
-0.05,10,50,51.65,9.88,5.6,190,0.52,0.02,\N,23.63636364,\N,\N,\N,0.04,0.84,0.13,Nonwood,root,Medium,slow
-0.05,10,100,51.65,9.88,5.6,190,0.52,0.02,\N,23.63636364,\N,\N,\N,0.04,0.84,0.13,Nonwood,root,Medium,slow
-0.02,10,150,51.65,9.88,5.6,190,0.52,0.02,\N,23.63636364,\N,\N,\N,0.04,0.84,0.13,Nonwood,root,Medium,slow
0.13,11,0,31.5,-83.5,10.12,400,0.73,0.02,\N,38,5.59,\N,4.35,\N,\N,\N,Nonwood,cereal,Light,slow
0.39,22,0,31.5,-83.5,10.12,400,0.73,0.02,\N,38,5.59,\N,4.35,\N,\N,\N,Nonwood,cereal,Light,slow
0.18,11,250,31.5,-83.5,10.12,400,0.73,0.02,\N,38,5.59,\N,4.35,\N,\N,\N,Nonwood,cereal,Light,slow
0.01,22,250,31.5,-83.5,10.12,400,0.73,0.02,\N,38,5.59,\N,4.35,\N,\N,\N,Nonwood,cereal,Light,slow
0.13,11,0,31.5,-83.5,10.12,400,0.73,0.02,\N,38,5.59,\N,4.35,\N,\N,\N,Nonwood,cereal,Light,slow
0.25,22,0,31.5,-83.5,10.12,400,0.73,0.02,\N,38,5.59,\N,4.35,\N,\N,\N,Nonwood,cereal,Light,slow
0.06,11,250,31.5,-83.5,10.12,400,0.73,0.02,\N,38,5.59,\N,4.35,\N,\N,\N,Nonwood,cereal,Light,slow
-0.14,22,250,31.5,-83.5,10.12,400,0.73,0.02,\N,38,5.59,\N,4.35,\N,\N,\N,Nonwood,cereal,Light,slow
-0.43,11,0,31.5,-83.5,10.12,400,0.73,0.02,\N,38,5.59,\N,4.35,\N,\N,\N,Nonwood,cereal,Light,slow
0.26,22,0,31.5,-83.5,10.12,400,0.73,0.02,\N,38,5.59,\N,4.35,\N,\N,\N,Nonwood,cereal,Light,slow
0.03,11,250,31.5,-83.5,10.12,400,0.73,0.02,\N,38,5.59,\N,4.35,\N,\N,\N,Nonwood,cereal,Light,slow
-0.11,22,250,31.5,-83.5,10.12,400,0.73,0.02,\N,38,5.59,\N,4.35,\N,\N,\N,Nonwood,cereal,Light,slow
0.01,11,0,31.5,-83.5,10.12,400,0.73,0.02,\N,38,5.59,\N,4.35,\N,\N,\N,Nonwood,cereal,Light,slow
0.39,22,0,31.5,-83.5,10.12,400,0.73,0.02,\N,38,5.59,\N,4.35,\N,\N,\N,Nonwood,cereal,Light,slow
-0.01,11,250,31.5,-83.5,10.12,400,0.73,0.02,\N,38,5.59,\N,4.35,\N,\N,\N,Nonwood,cereal,Light,slow
-0.06,22,250,31.5,-83.5,10.12,400,0.73,0.02,\N,38,5.59,\N,4.35,\N,\N,\N,Nonwood,cereal,Light,slow
0.12,8,0,19.5,102,7.5,\N,0.87,\N,\N,\N,6.2,9,11,0.32,0.39,0.29,Wood,cereal,Heavy,\N
-0.08,11,0,31.5,-83.5,7.54,400,0.77,0,\N,453,5.59,\N,4.35,\N,\N,\N,Wood,cereal,Light,slow
0.04,22,0,31.5,-83.5,7.54,400,0.77,0,\N,453,5.59,\N,4.35,\N,\N,\N,Wood,cereal,Light,slow
0,11,250,31.5,-83.5,7.54,400,0.77,0,\N,453,5.59,\N,4.35,\N,\N,\N,Wood,cereal,Light,slow
-0.01,22,250,31.5,-83.5,7.54,400,0.77,0,\N,453,5.59,\N,4.35,\N,\N,\N,Wood,cereal,Light,slow
0,11,0,31.5,-83.5,7.54,400,0.77,0,\N,453,5.59,\N,4.35,\N,\N,\N,Wood,cereal,Light,slow
-0.31,22,0,31.5,-83.5,7.54,400,0.77,0,\N,453,5.59,\N,4.35,\N,\N,\N,Wood,cereal,Light,slow
0.26,11,250,31.5,-83.5,7.54,400,0.77,0,\N,453,5.59,\N,4.35,\N,\N,\N,Wood,cereal,Light,slow
0,22,250,31.5,-83.5,7.54,400,0.77,0,\N,453,5.59,\N,4.35,\N,\N,\N,Wood,cereal,Light,slow
-0.26,11,0,31.5,-83.5,7.54,400,0.77,0,\N,453,5.59,\N,4.35,\N,\N,\N,Wood,cereal,Light,slow
-0.35,22,0,31.5,-83.5,7.54,400,0.77,0,\N,453,5.59,\N,4.35,\N,\N,\N,Wood,cereal,Light,slow
-0.04,11,250,31.5,-83.5,7.54,400,0.77,0,\N,453,5.59,\N,4.35,\N,\N,\N,Wood,cereal,Light,slow
-0.1,22,250,31.5,-83.5,7.54,400,0.77,0,\N,453,5.59,\N,4.35,\N,\N,\N,Wood,cereal,Light,slow
0.35,11,0,31.5,-83.5,7.54,400,0.77,0,\N,453,5.59,\N,4.35,\N,\N,\N,Wood,cereal,Light,slow
0.44,22,0,31.5,-83.5,7.54,400,0.77,0,\N,453,5.59,\N,4.35,\N,\N,\N,Wood,cereal,Light,slow
0.21,11,250,31.5,-83.5,7.54,400,0.77,0,\N,453,5.59,\N,4.35,\N,\N,\N,Wood,cereal,Light,slow
0.02,22,250,31.5,-83.5,7.54,400,0.77,0,\N,453,5.59,\N,4.35,\N,\N,\N,Wood,cereal,Light,slow
-0.19,5,0,51.75,-0.25,\N,\N,\N,\N,\N,\N,\N,\N,\N,\N,\N,\N,\N,cereal,Light,\N
-0.1,5,10,51.75,-0.25,\N,\N,\N,\N,\N,\N,\N,\N,\N,\N,\N,\N,\N,cereal,Light,\N
0.06,5,20,51.75,-0.25,\N,\N,\N,\N,\N,\N,\N,\N,\N,\N,\N,\N,\N,cereal,Light,\N
-0.19,5,80,51.75,-0.25,\N,\N,\N,\N,\N,\N,\N,\N,\N,\N,\N,\N,\N,cereal,Light,\N
0.16,5,100,51.75,-0.25,\N,\N,\N,\N,\N,\N,\N,\N,\N,\N,\N,\N,\N,cereal,Light,\N
-0.1,10,0,51.75,-0.25,\N,\N,\N,\N,\N,\N,\N,\N,\N,\N,\N,\N,\N,cereal,Light,\N
0.09,10,10,51.75,-0.25,\N,\N,\N,\N,\N,\N,\N,\N,\N,\N,\N,\N,\N,cereal,Light,\N
-0.02,10,20,51.75,-0.25,\N,\N,\N,\N,\N,\N,\N,\N,\N,\N,\N,\N,\N,cereal,Light,\N
-0.16,10,80,51.75,-0.25,\N,\N,\N,\N,\N,\N,\N,\N,\N,\N,\N,\N,\N,cereal,Light,\N
0.25,10,100,51.75,-0.25,\N,\N,\N,\N,\N,\N,\N,\N,\N,\N,\N,\N,\N,cereal,Light,\N
-0.08,20,0,51.75,-0.25,\N,\N,\N,\N,\N,\N,\N,\N,\N,\N,\N,\N,\N,cereal,Light,\N
0.3,20,10,51.75,-0.25,\N,\N,\N,\N,\N,\N,\N,\N,\N,\N,\N,\N,\N,cereal,Light,\N
0.01,20,20,51.75,-0.25,\N,\N,\N,\N,\N,\N,\N,\N,\N,\N,\N,\N,\N,cereal,Light,\N
0.14,20,80,51.75,-0.25,\N,\N,\N,\N,\N,\N,\N,\N,\N,\N,\N,\N,\N,cereal,Light,\N
0.34,20,100,51.75,-0.25,\N,\N,\N,\N,\N,\N,\N,\N,\N,\N,\N,\N,\N,cereal,Light,\N
-0.24,50,0,51.75,-0.25,\N,\N,\N,\N,\N,\N,\N,\N,\N,\N,\N,\N,\N,cereal,Light,\N
0.16,50,10,51.75,-0.25,\N,\N,\N,\N,\N,\N,\N,\N,\N,\N,\N,\N,\N,cereal,Light,\N
-0.05,50,20,51.75,-0.25,\N,\N,\N,\N,\N,\N,\N,\N,\N,\N,\N,\N,\N,cereal,Light,\N
0.14,50,80,51.75,-0.25,\N,\N,\N,\N,\N,\N,\N,\N,\N,\N,\N,\N,\N,cereal,Light,\N
0.35,50,100,51.75,-0.25,\N,\N,\N,\N,\N,\N,\N,\N,\N,\N,\N,\N,\N,cereal,Light,\N
-0.24,\N,\N,\N,\N,4.51,220,0.65,0.04,\N,16.25,\N,\N,\N,0.74,0.19,0.08,Nonwood,legume,Light,slow
-0.08,\N,\N,\N,\N,4.51,220,0.65,0.04,\N,16.25,\N,\N,\N,0.74,0.19,0.08,Nonwood,legume,Light,slow
-0.36,\N,\N,\N,\N,4.51,220,0.65,0.04,\N,16.25,\N,\N,\N,0.74,0.19,0.08,Nonwood,legume,Light,slow
-0.27,\N,\N,\N,\N,4.51,220,0.65,0.04,\N,16.25,\N,\N,\N,0.74,0.19,0.08,Nonwood,legume,Light,slow
0.04,12,119.96,42.72,-76.65,10.02,600,0.29,0,0.64,96,7.36,9.76,16.2,0.42,0.31,0.27,Nonwood,cereal,Medium,slow
-0.11,12,109.2,42.72,-76.65,10.02,600,0.29,0,0.64,96,7.36,9.76,16.2,0.42,0.31,0.27,Nonwood,cereal,Medium,slow
-0.16,30,109.2,42.72,-76.65,10.02,600,0.29,0,0.64,96,7.36,9.76,16.2,0.42,0.31,0.27,Nonwood,cereal,Medium,slow
-0.52,12,66.16,42.72,-76.65,10.02,600,0.29,0,0.64,96,7.36,9.76,16.2,0.42,0.31,0.27,Nonwood,cereal,Medium,slow
-0.14,3,109.2,42.72,-76.65,10.02,600,0.29,0,0.64,96,7.36,9.76,16.2,0.42,0.31,0.27,Nonwood,cereal,Medium,slow
-0.32,12,87.68,42.72,-76.65,10.02,600,0.29,0,0.64,96,7.36,9.76,16.2,0.42,0.31,0.27,Nonwood,cereal,Medium,slow
-0.14,1,109.2,42.72,-76.65,10.02,600,0.29,0,0.64,96,7.36,9.76,16.2,0.42,0.31,0.27,Nonwood,cereal,Medium,slow
-0.18,3,109.2,42.72,-76.65,10.02,600,0.29,0,0.64,96,7.44,9.76,16.2,0.42,0.31,0.27,Nonwood,cereal,Medium,slow
0.09,12,119.96,42.72,-76.65,10.02,600,0.29,0,0.64,96,7.44,9.76,16.2,0.42,0.31,0.27,Nonwood,cereal,Medium,slow
-0.03,12,66.16,42.72,-76.65,10.02,600,0.29,0,0.64,96,7.44,9.76,16.2,0.42,0.31,0.27,Nonwood,cereal,Medium,slow
-0.19,30,109.2,42.72,-76.65,10.02,600,0.29,0,0.64,96,7.44,9.76,16.2,0.42,0.31,0.27,Nonwood,cereal,Medium,slow
0.1,12,87.68,42.72,-76.65,10.02,600,0.29,0,0.64,96,7.44,9.76,16.2,0.42,0.31,0.27,Nonwood,cereal,Medium,slow
-0.13,12,109.2,42.72,-76.65,10.02,600,0.29,0,0.64,96,7.44,9.76,16.2,0.42,0.31,0.27,Nonwood,cereal,Medium,slow
-0.07,12,109.2,42.72,-76.65,10.02,600,0.29,0,0.64,96,7.22,9.76,16.2,0.42,0.31,0.27,Nonwood,cereal,Medium,slow
0.24,12,119.96,42.72,-76.65,10.02,600,0.29,0,0.64,96,7.5,9.76,16.2,0.42,0.31,0.27,Nonwood,cereal,Medium,slow
0.02,12,66.16,42.72,-76.65,10.02,600,0.29,0,0.64,96,7.32,9.76,16.2,0.42,0.31,0.27,Nonwood,cereal,Medium,slow
0,3,109.2,42.72,-76.65,10.02,600,0.29,0,0.64,96,7.48,9.76,16.2,0.42,0.31,0.27,Nonwood,cereal,Medium,slow
-0.03,12,87.68,42.72,-76.65,10.02,600,0.29,0,0.64,96,7.3,9.76,16.2,0.42,0.31,0.27,Nonwood,cereal,Medium,slow
-0.25,30,109.2,42.72,-76.65,10.02,600,0.29,0,0.64,96,7.36,9.76,16.2,0.42,0.31,0.27,Nonwood,cereal,Medium,slow
0,12,119.96,42.72,-76.65,10.02,600,0.29,0,0.64,96,7.44,9.76,16.2,0.42,0.31,0.27,Nonwood,cereal,Medium,slow
-0.02,12,87.68,42.72,-76.65,10.02,600,0.29,0,0.64,96,7.44,9.76,16.2,0.42,0.31,0.27,Nonwood,cereal,Medium,slow
0.01,12,66.16,42.72,-76.65,10.02,600,0.29,0,0.64,96,7.44,9.76,16.2,0.42,0.31,0.27,Nonwood,cereal,Medium,slow
-0.01,3,109.2,42.72,-76.65,10.02,600,0.29,0,0.64,96,7.44,9.76,16.2,0.42,0.31,0.27,Nonwood,cereal,Medium,slow
-0.01,12,109.2,42.72,-76.65,10.02,600,0.29,0,0.64,96,7.44,9.76,16.2,0.42,0.31,0.27,Nonwood,cereal,Medium,slow
-0.11,30,109.2,42.72,-76.65,10.02,600,0.29,0,0.64,96,7.44,9.76,16.2,0.42,0.31,0.27,Nonwood,cereal,Medium,slow
-0.01,41.3,60,14.18,121.25,8.6,\N,0.4,0.01,0.45,67.30414085,6.5,34.1,15.3,0.15,0.21,0.37,Nonwood,cereal,Heavy,\N
-0.1,41.3,60,14.18,121.25,8.6,\N,0.4,0.01,0.45,67.30414085,6.5,34.1,15.3,0.15,0.21,0.37,Nonwood,cereal,Heavy,\N
-0.08,41.3,60,14.18,121.25,\N,\N,0.4,0.01,0.45,67.30414085,6.5,34.1,15.3,0.15,0.21,0.37,Nonwood,cereal,Heavy,\N
-0.01,41.3,60,14.18,121.25,\N,\N,0.4,0.01,0.45,67.30414085,6.5,34.1,15.3,0.15,0.21,0.37,Nonwood,cereal,Heavy,\N
-0.04,41.3,60,14.18,121.25,\N,\N,0.4,0.01,0.45,67.30414085,6.5,34.1,15.3,0.15,0.21,0.37,Nonwood,cereal,Heavy,\N
-0.13,41.3,60,14.18,121.25,\N,\N,0.4,0.01,0.45,67.30414085,6.5,34.1,15.3,0.15,0.21,0.37,Nonwood,cereal,Heavy,\N
0.03,41.3,60,14.18,121.25,\N,\N,0.4,0.01,0.45,67.30414085,6.5,34.1,15.3,0.15,0.21,0.37,Nonwood,cereal,Heavy,\N
0,41.3,60,14.18,121.25,\N,\N,0.4,0.01,0.45,67.30414085,6.5,34.1,15.3,0.15,0.21,0.37,Nonwood,cereal,Heavy,\N
-0.01,41.3,60,14.18,121.25,\N,\N,0.4,0.01,0.45,67.30414085,6.5,34.1,15.3,0.15,0.21,0.37,Nonwood,cereal,Heavy,\N
0,41.3,60,14.18,121.25,\N,\N,0.4,0.01,0.45,67.30414085,6.5,34.1,15.3,0.15,0.21,0.37,Nonwood,cereal,Heavy,\N
-0.03,41.3,60,14.18,121.25,\N,\N,0.4,0.01,0.45,67.30414085,6.5,34.1,15.3,0.15,0.21,0.37,Nonwood,cereal,Heavy,\N
0.01,41.3,60,14.18,121.25,\N,\N,0.4,0.01,0.45,67.30414085,6.5,34.1,15.3,0.15,0.21,0.37,Nonwood,cereal,Heavy,\N
-0.04,41.3,60,14.18,121.25,\N,\N,0.4,0.01,0.45,67.30414085,6.5,34.1,15.3,0.15,0.21,0.37,Nonwood,cereal,Heavy,\N
-0.08,41.3,60,14.18,121.25,\N,\N,0.4,0.01,0.45,67.30414085,6.5,34.1,15.3,0.15,0.21,0.37,Nonwood,cereal,Heavy,\N
-0.27,4,50,19.5,102,7.5,\N,0.87,0,\N,280.6451613,5.4,23,10,0.18,0.34,0.38,Wood,cereal,Heavy,\N
0.13,4,50,19.5,102,7.5,\N,0.87,0,\N,280.6451613,5.4,23,18,0.18,0.34,0.38,Wood,cereal,Heavy,\N
-0.34,4,50,19.5,102,7.5,\N,0.87,0,\N,280.6451613,5.4,23,10,0.18,0.34,0.38,Wood,cereal,Heavy,\N
0.76,4,50,19.5,102,7.5,\N,0.87,0,\N,280.6451613,5.4,23,10,0.18,0.34,0.38,Wood,cereal,Heavy,\N
-0.11,8,50,19.5,102,7.5,\N,0.87,0,\N,280.6451613,5.4,23,10,0.18,0.34,0.38,Wood,cereal,Heavy,\N
0.16,8,50,19.5,102,7.5,\N,0.87,0,\N,280.6451613,5.4,23,10,0.18,0.34,0.38,Wood,cereal,Heavy,\N
0.13,8,50,19.5,102,7.5,\N,0.87,0,\N,280.6451613,5.4,23,10,0.18,0.34,0.38,Wood,cereal,Heavy,\N
0.36,8,50,19.5,102,7.5,\N,0.87,0,\N,280.6451613,5.4,23,10,0.18,0.34,0.38,Wood,cereal,Heavy,\N
-0.31,16,50,19.5,102,7.5,\N,0.87,0,\N,280.6451613,5.4,23,10,0.18,0.34,0.38,Wood,cereal,Heavy,\N
-0.04,16,50,19.5,102,7.5,\N,0.87,0,\N,280.6451613,5.4,23,10,0.18,0.34,0.38,Wood,cereal,Heavy,\N
0,16,50,19.5,102,7.5,\N,0.87,0,\N,280.6451613,5.4,23,10,0.18,0.34,0.38,Wood,cereal,Heavy,\N
0.13,16,50,19.5,102,7.5,\N,0.87,0,\N,280.6451613,5.4,23,10,0.18,0.34,0.38,Wood,cereal,Heavy,\N
0.16,41.3,60,14.5,121.5,8.6,\N,0.4,0.01,\N,67.30414085,4.1,23.5,36.4,0.36,0.07,0.43,Nonwood,cereal,Medium,slow
0.1,41.3,60,14.5,121.5,8.6,\N,0.4,0.01,\N,67.30414085,4.1,23.5,36.4,0.36,0.07,0.43,Nonwood,cereal,Medium,slow
0.09,41.3,60,14.5,121.5,\N,\N,0.4,0.01,\N,67.30414085,4.1,23.5,36.4,0.36,0.07,0.43,Nonwood,cereal,Medium,slow
0.03,41.3,60,14.5,121.5,\N,\N,0.4,0.01,\N,67.30414085,4.1,23.5,36.4,0.36,0.07,0.43,Nonwood,cereal,Medium,slow
0.01,41.3,60,14.5,121.5,\N,\N,0.4,0.01,\N,67.30414085,4.1,23.5,36.4,0.36,0.07,0.43,Nonwood,cereal,Medium,slow
0.06,41.3,40,14.5,121.5,\N,\N,0.4,0.01,\N,67.30414085,4.1,23.5,36.4,0.36,0.07,0.43,Nonwood,cereal,Medium,slow
0.04,41.3,40,15.25,104.75,8.6,\N,0.4,0.01,\N,67.30414085,4.8,1.7,3.4,0.03,0.77,0.18,Nonwood,cereal,Medium,slow
0.11,41.3,40,15.25,104.75,8.6,\N,0.4,0.01,\N,67.30414085,4.8,1.7,3.4,0.03,0.77,0.18,Nonwood,cereal,Medium,slow
0.24,41.3,40,15.25,104.75,\N,\N,0.4,0.01,\N,67.30414085,4.8,1.7,3.4,0.03,0.77,0.18,Nonwood,cereal,Medium,slow
0.24,41.3,40,15.25,104.75,\N,\N,0.4,0.01,\N,67.30414085,4.8,1.7,3.4,0.03,0.77,0.18,Nonwood,cereal,Medium,slow
-0.12,41.3,40,15.25,104.75,\N,\N,0.4,0.01,\N,67.30414085,4.8,1.7,3.4,0.03,0.77,0.18,Nonwood,cereal,Medium,slow
0.28,41.3,40,15.25,104.75,\N,\N,0.4,0.01,\N,67.30414085,4.8,1.7,3.4,0.03,0.77,0.18,Nonwood,cereal,Medium,slow
0.15,41.3,40,15.25,104.75,\N,\N,0.4,0.01,\N,67.30414085,4.8,1.7,3.4,0.03,0.77,0.18,Nonwood,cereal,Medium,slow
0.3,41.3,40,15.25,104.75,\N,\N,0.4,0.01,\N,67.30414085,4.8,1.7,3.4,0.03,0.77,0.18,Nonwood,cereal,Medium,slow
0.41,10,0,-34.12,150.5,13,550,0.38,0.02,\N,19,4.5,9.12,19.7,\N,\N,\N,Manure,root,Medium,slow
0.36,10,100,-34.12,150.5,13,550,0.38,0.02,\N,19,4.5,9.12,19.7,\N,\N,\N,Manure,root,Medium,slow
0.47,25,0,-34.12,150.5,13,550,0.38,0.02,\N,19,4.5,9.12,19.7,\N,\N,\N,Manure,root,Medium,slow
0.49,25,100,-34.12,150.5,13,550,0.38,0.02,\N,19,4.5,9.12,19.7,\N,\N,\N,Manure,root,Medium,slow
0.63,50,0,-34.12,150.5,13,550,0.38,0.02,\N,19,4.5,9.12,19.7,\N,\N,\N,Manure,root,Medium,slow
0.56,50,100,-34.12,150.5,13,550,0.38,0.02,\N,19,4.5,9.12,19.7,\N,\N,\N,Manure,root,Medium,slow
0.3,10,0,-34.12,150.5,9.9,450,0.33,0.01,\N,38.82352941,4.5,11.07,19.7,\N,\N,\N,Manure,root,Medium,slow
0.42,10,100,-34.12,150.5,9.9,450,0.33,0.01,\N,38.82352941,4.5,11.07,19.7,\N,\N,\N,Manure,root,Medium,slow
0.43,25,0,-34.12,150.5,9.9,450,0.33,0.01,\N,38.82352941,4.5,11.07,19.7,\N,\N,\N,Manure,root,Medium,slow
0.44,25,100,-34.12,150.5,9.9,450,0.33,0.01,\N,38.82352941,4.5,11.07,19.7,\N,\N,\N,Manure,root,Medium,slow
0.65,50,0,-34.12,150.5,9.9,450,0.33,0.01,\N,38.82352941,4.5,11.07,19.7,\N,\N,\N,Manure,root,Medium,slow
0.43,50,100,-34.12,150.5,9.9,450,0.33,0.01,\N,38.82352941,4.5,11.07,19.7,\N,\N,\N,Manure,root,Medium,slow
0.88,10,16.25,-28.5,153.5,9.4,550,0.5,0,\N,104.1666667,4.2,4.03,\N,\N,\N,\N,Wood,cereal,Light,slow
0.53,10,16.25,-28.5,153.5,9.4,550,0.5,0,\N,104.1666667,4.2,4.03,\N,\N,\N,\N,Wood,root,Light,slow
0.31,10,16.25,-28.5,153.5,9.4,550,0.5,0,\N,104.1666667,4.2,4.03,\N,\N,\N,\N,Wood,legume,Light,slow
0.69,10,0,-28.5,153.5,9.4,550,0.5,0,\N,104.1666667,4.2,4.03,\N,\N,\N,\N,Wood,root,Light,slow
0.15,10,0,-28.5,153.5,9.4,550,0.5,0,\N,104.1666667,4.2,4.03,\N,\N,\N,\N,Wood,legume,Light,slow
0.29,10,0,-28.5,153.5,9.4,550,0.5,0,\N,104.1666667,4.2,4.03,\N,\N,\N,\N,Wood,cereal,Light,slow
0.18,10,0,-34.12,150.5,8.2,550,\N,0.02,\N,\N,4.6,\N,\N,\N,\N,\N,Manure,fruit,Medium,slow
0.14,10,120,-34.12,150.5,8.2,550,\N,0.02,\N,\N,4.6,\N,\N,\N,\N,\N,Manure,fruit,Medium,slow
0.52,10,0,-34.12,150.5,8.2,550,\N,0.02,\N,\N,4.6,\N,\N,\N,\N,\N,Manure,fruit,Medium,slow
0.13,10,120,-34.12,150.5,8.2,550,\N,0.02,\N,\N,4.6,\N,\N,\N,\N,\N,Manure,fruit,Medium,slow
0.14,\N,\N,\N,\N,\N,600,\N,\N,\N,\N,5.41,\N,\N,\N,\N,\N,Wood,grass,Medium,slow
0.25,\N,\N,\N,\N,\N,600,\N,\N,\N,\N,5.41,\N,\N,\N,\N,\N,Wood,grass,Medium,slow
0.17,\N,\N,\N,\N,\N,600,\N,\N,\N,\N,7.22,\N,\N,\N,\N,\N,Wood,grass,Medium,slow
0.13,\N,\N,\N,\N,\N,600,\N,\N,\N,\N,7.22,\N,\N,\N,\N,\N,Wood,grass,Medium,slow
0.45,65,0,33.5,133,\N,\N,\N,\N,\N,\N,\N,\N,\N,\N,\N,\N,Nonwood,tree,Light,\N
0.43,65,0,33.5,133,\N,\N,\N,\N,\N,\N,\N,\N,\N,\N,\N,\N,Wood,tree,Light,\N
0.48,65,0,33.5,133,\N,\N,\N,\N,\N,\N,\N,\N,\N,\N,\N,\N,Nonwood,tree,Light,\N
-0.25,\N,\N,\N,\N,\N,\N,\N,\N,\N,\N,5.9,\N,12.5,\N,\N,\N,Nonwood,root,\N,\N
-0.25,\N,\N,\N,\N,\N,\N,\N,\N,\N,\N,5.9,\N,12.5,\N,\N,\N,Nonwood,root,\N,\N
-0.56,\N,\N,\N,\N,\N,\N,\N,\N,\N,\N,5.9,\N,12.5,\N,\N,\N,Nonwood,root,\N,\N
-0.18,\N,\N,\N,\N,\N,\N,\N,\N,\N,\N,5.9,\N,12.5,\N,\N,\N,Nonwood,root,\N,\N
-0.23,\N,\N,\N,\N,\N,\N,\N,\N,\N,\N,5.9,\N,12.5,\N,\N,\N,Nonwood,root,\N,\N
-0.25,\N,\N,\N,\N,\N,\N,\N,\N,\N,\N,5.9,\N,12.5,\N,\N,\N,Nonwood,root,\N,\N
-0.47,\N,\N,\N,\N,\N,\N,\N,\N,\N,\N,5.9,\N,12.5,\N,\N,\N,Nonwood,root,\N,\N
-0.11,\N,\N,\N,\N,\N,\N,\N,\N,\N,\N,5.9,\N,12.5,\N,\N,\N,Nonwood,root,\N,\N
0.15,\N,\N,\N,\N,\N,\N,\N,\N,\N,\N,5.9,\N,12.5,\N,\N,\N,Nonwood,root,\N,\N
0.25,\N,\N,\N,\N,\N,\N,\N,\N,\N,\N,5.9,\N,12.5,\N,\N,\N,Nonwood,root,\N,\N
0.33,\N,\N,\N,\N,\N,\N,\N,\N,\N,\N,5.9,\N,12.5,\N,\N,\N,Nonwood,root,\N,\N
0.03,\N,\N,\N,\N,\N,\N,\N,\N,\N,\N,5.9,\N,12.5,\N,\N,\N,Nonwood,root,\N,\N
0.13,\N,\N,\N,\N,\N,\N,\N,\N,\N,\N,5.9,\N,12.5,\N,\N,\N,Nonwood,root,\N,\N
0.28,\N,\N,\N,\N,\N,\N,\N,\N,\N,\N,5.9,\N,12.5,\N,\N,\N,Nonwood,root,\N,\N
0.34,\N,\N,\N,\N,\N,\N,\N,\N,\N,\N,5.9,\N,12.5,\N,\N,\N,Nonwood,root,\N,\N
0.04,\N,\N,\N,\N,\N,\N,\N,\N,\N,\N,5.9,\N,12.5,\N,\N,\N,Nonwood,root,\N,\N
0.11,15,\N,-8,112.5,7.9,270,0.26,0.01,\N,32.75641026,6.49,\N,6.5,\N,\N,\N,Manure,root,Medium,slow
0.12,15,\N,-8,112.5,7.9,270,0.26,0.01,\N,32.75641026,6.49,\N,6.5,\N,\N,\N,Manure,root,Medium,slow
0.48,15,\N,-8,112.5,7.9,270,0.26,0.01,\N,32.75641026,6.49,\N,6.5,\N,\N,\N,Manure,root,Medium,slow
0.1,15,\N,-8,112.5,7.9,270,0.26,0.01,\N,32.75641026,6.49,\N,6.5,\N,\N,\N,Manure,root,Medium,slow
0.28,15,\N,-8,112.5,7.9,270,0.26,0.01,\N,32.75641026,6.49,\N,6.5,\N,\N,\N,Manure,cereal,Medium,slow
0.1,15,\N,-8,112.5,7.9,270,0.26,0.01,\N,32.75641026,6.49,\N,6.5,\N,\N,\N,Manure,legume,Medium,slow
0.42,15,\N,-8,112.5,7.9,270,0.26,0.01,\N,32.75641026,6.49,\N,6.5,\N,\N,\N,Manure,cereal,Medium,slow
0.45,15,\N,-8,112.5,7.9,270,0.26,0.01,\N,32.75641026,6.49,\N,6.5,\N,\N,\N,Manure,legume,Medium,slow
0.13,15,\N,-8,112.5,8.1,285,0.4,0,\N,449.1111111,6.49,\N,6.5,\N,\N,\N,Nonwood,root,Medium,slow
0.08,15,\N,-8,112.5,8.1,285,0.4,0,\N,449.1111111,6.49,\N,6.5,\N,\N,\N,Nonwood,root,Medium,slow
0.37,15,\N,-8,112.5,8.1,285,0.4,0,\N,449.1111111,6.49,\N,6.5,\N,\N,\N,Nonwood,root,Medium,slow
0.1,15,\N,-8,112.5,8.1,285,0.4,0,\N,449.1111111,6.49,\N,6.5,\N,\N,\N,Nonwood,root,Medium,slow
0.12,15,\N,-8,112.5,8.1,285,0.4,0,\N,449.1111111,6.49,\N,6.5,\N,\N,\N,Nonwood,cereal,Medium,slow
0.1,15,\N,-8,112.5,8.1,285,0.4,0,\N,449.1111111,6.49,\N,6.5,\N,\N,\N,Nonwood,legume,Medium,slow
0.29,15,\N,-8,112.5,8.1,285,0.4,0,\N,449.1111111,6.49,\N,6.5,\N,\N,\N,Nonwood,cereal,Medium,slow
0.36,15,\N,-8,112.5,8.1,285,0.4,0,\N,449.1111111,6.49,\N,6.5,\N,\N,\N,Nonwood,legume,Medium,slow
0.17,20,400,32,118.75,\N,400,0.51,0.01,0.21,100.254902,5.8,\N,17.4,0.04,0.69,0.27,Nonwood,vegetable,Medium,slow
-0.04,40,400,32,118.75,\N,400,0.51,0.01,0.21,100.254902,5.8,\N,17.4,0.04,0.69,0.27,Nonwood,vegetable,Medium,slow
0.67,30,400,32,118.75,\N,400,0.51,0.01,0.21,100.254902,5.8,\N,17.4,0.04,0.69,0.27,Nonwood,vegetable,Medium,slow
0.71,30,400,32,118.75,\N,400,0.51,0.01,0.21,100.254902,5.8,\N,17.4,0.04,0.69,0.27,Nonwood,vegetable,Medium,slow
1.03,10,16.25,-28.5,153.5,8.2,550,0.52,0,\N,167.7419355,4.2,4.03,\N,\N,\N,\N,Wood,cereal,Light,slow
0.34,10,16.25,-28.5,153.5,8.2,550,0.52,0,\N,167.7419355,4.2,4.03,\N,\N,\N,\N,Wood,root,Light,slow
0.52,10,16.25,-28.5,153.5,8.2,550,0.52,0,\N,167.7419355,4.2,4.03,\N,\N,\N,\N,Wood,legume,Light,slow
0.41,10,0,-28.5,153.5,8.2,550,0.52,0,\N,167.7419355,4.2,4.03,\N,\N,\N,\N,Wood,root,Light,slow
0.15,10,0,-28.5,153.5,8.2,550,0.52,0,\N,167.7419355,4.2,4.03,\N,\N,\N,\N,Wood,legume,Light,slow
0.51,10,0,-28.5,153.5,8.2,550,0.52,0,\N,167.7419355,4.2,4.03,\N,\N,\N,\N,Wood,cereal,Light,slow
-0.04,25,100,53.25,-4,8.81,450,0.76,0,\N,205.6,6.86,\N,35,\N,\N,\N,Wood,cereal,Medium,slow
0,50,100,53.25,-4,8.81,450,0.76,0,\N,205.6,6.86,\N,35,\N,\N,\N,Wood,cereal,Medium,slow
0.05,25,100,53.25,-4,8.81,450,0.76,0,\N,205.6,6.86,\N,35,\N,\N,\N,Wood,grass,Medium,slow
0.3,50,100,53.25,-4,8.81,450,0.76,0,\N,205.6,6.86,\N,35,\N,\N,\N,Wood,grass,Medium,slow
0.54,25,100,53.25,-4,8.81,450,0.76,0,\N,205.6,6.86,\N,35,\N,\N,\N,Wood,grass,Medium,slow
0.58,50,100,53.25,-4,8.81,450,0.76,0,\N,205.6,6.86,\N,35,\N,\N,\N,Wood,grass,Medium,slow
0.09,25,0,53.25,-4,8.81,450,0.76,\N,\N,\N,6.8,\N,35,\N,\N,\N,Wood,legume,Medium,slow
-0.1,50,0,53.25,-4,8.81,450,0.76,\N,\N,\N,6.8,\N,35,\N,\N,\N,Wood,legume,Medium,slow
0.32,8,50,19.5,102,7.5,\N,0.87,0,\N,280.6451613,8.3,15,12,0.32,0.32,0.35,Wood,cereal,Heavy,\N
0.37,8,50,19.5,102,7.5,\N,0.87,0,\N,280.6451613,8.3,15,12,0.32,0.32,0.35,Wood,cereal,Heavy,\N
0.51,8,50,19.5,102,7.5,\N,0.87,0,\N,280.6451613,8.3,15,12,0.32,0.32,0.35,Wood,cereal,Heavy,\N
0.2,8,0,19.5,102,7.5,\N,0.87,0,\N,280.6451613,8.3,15,12,0.32,0.32,0.35,Wood,cereal,Heavy,\N
0.1,200,100,50.5,8.6,8.1,498,0.72,0.02,\N,38.91304348,\N,\N,\N,\N,\N,\N,Nonwood,cereal,Light,slow
0.19,100,100,50.5,8.6,8.1,498,0.72,0.02,\N,38.91304348,\N,\N,\N,\N,\N,\N,Nonwood,cereal,Light,slow
0.37,100,100,50.5,8.6,8.1,498,0.72,0.02,\N,38.91304348,\N,\N,\N,\N,\N,\N,Nonwood,cereal,Light,slow
0.46,200,100,50.5,8.6,8.1,498,0.72,0.02,\N,38.91304348,\N,\N,\N,\N,\N,\N,Nonwood,cereal,Light,slow
0.07,100,100,50.5,8.6,8.1,498,0.72,0.02,\N,38.91304348,\N,\N,\N,\N,\N,\N,Nonwood,cereal,Light,slow
0.69,200,100,50.5,8.6,8.1,498,0.72,0.02,\N,38.91304348,\N,\N,\N,\N,\N,\N,Nonwood,cereal,Light,slow
-0.26,200,100,50.5,8.6,8.1,498,0.72,0.02,\N,38.91304348,\N,\N,\N,\N,\N,\N,Nonwood,cereal,Light,slow
0.92,100,100,50.5,8.6,8.1,498,0.72,0.02,\N,38.91304348,\N,\N,\N,\N,\N,\N,Nonwood,cereal,Light,slow
0.14,14,120,0.25,35,9.4,450,0.85,0,\N,386.8181818,5.5,\N,\N,\N,\N,0.14,Wood,cereal,Medium,slow
0.35,14,120,0.25,35,9.4,450,0.85,0,\N,386.8181818,5.5,\N,\N,\N,\N,\N,Wood,cereal,Medium,slow
0.72,14,120,0.25,35,9.4,450,0.85,0,\N,386.8181818,5.9,\N,\N,\N,\N,\N,Wood,cereal,Medium,slow
0.85,14,120,0.25,35,9.4,450,0.85,0,\N,386.8181818,5.9,\N,\N,\N,\N,\N,Wood,cereal,Medium,slow
-0.61,14,120,0.25,35,9.4,450,0.85,0,\N,386.8181818,6.3,\N,\N,\N,\N,\N,Wood,cereal,Medium,slow
-0.21,14,120,0.25,35,9.4,450,0.85,0,\N,386.8181818,6.3,\N,\N,\N,\N,\N,Wood,cereal,Medium,slow
0.26,14,120,0.25,35,9.4,450,0.85,0,\N,386.8181818,5.2,\N,\N,\N,\N,\N,Wood,cereal,Medium,slow
-0.14,14,120,0.25,35,9.4,450,0.85,0,\N,386.8181818,5.2,\N,\N,\N,\N,\N,Wood,cereal,Medium,slow
0.36,67.6,0,-3,-60,\N,\N,0.71,\N,\N,\N,5.14,\N,\N,\N,\N,0.65,Wood,legume,Light,\N
0.28,67.6,49.8,-3,-60,\N,\N,0.71,\N,\N,\N,5.93,\N,39,\N,\N,0.65,Wood,legume,Light,\N
0.61,135.2,41.68,-3,-60,\N,\N,0.71,\N,\N,\N,5.16,\N,\N,\N,\N,0.65,Wood,legume,Light,\N
0.35,135.2,91.48,-3,-60,\N,\N,0.71,\N,\N,\N,5.8,\N,39,\N,\N,0.65,Wood,legume,Light,\N
0.07,22.4,\N,42.5,-114.5,6.8,500,0.66,0,0.14,206.875,7.6,19,12,0.24,0.56,0.2,Wood,cereal,Medium,fast
0.03,22.4,\N,42.5,-114.5,6.8,500,0.66,0,0.14,206.875,7.6,19,12,0.24,0.56,0.2,Wood,cereal,Medium,fast
-0.37,22.4,\N,42.5,-114.5,6.8,500,0.66,0,0.14,206.875,7.6,19,12,0.24,0.56,0.2,Wood,cereal,Medium,fast
0.02,22.4,\N,42.5,-114.5,6.8,500,0.66,0,0.14,206.875,7.6,19,12,0.24,0.56,0.2,Wood,cereal,Medium,fast
0,20,300,31,104.25,10.4,450,0.47,0.01,0.21,79.15254237,5.99,\N,20.11,\N,\N,\N,Nonwood,cereal,\N,slow
0.01,40,300,31,104.25,10.4,450,0.47,0.01,0.21,79.15254237,5.99,\N,20.11,\N,\N,\N,Nonwood,cereal,\N,slow
-0.02,20,0,31,104.25,10.4,450,0.47,0.01,0.21,79.15254237,5.99,\N,20.11,\N,\N,\N,Nonwood,cereal,\N,slow
-0.01,40,0,31,104.25,10.4,450,0.47,0.01,0.21,79.15254237,5.99,\N,20.11,\N,\N,\N,Nonwood,cereal,\N,slow
0.06,25,0,32,119,9.1,450,0.47,0.01,\N,75.06451613,7.8,\N,4.8,\N,\N,\N,Nonwood,cereal,Medium,slow
0.15,50,0,32,119,9.1,450,0.47,0.01,\N,75.06451613,7.8,\N,4.8,\N,\N,\N,Nonwood,cereal,Medium,slow
0.08,25,200,32,119,9.1,450,0.47,0.01,\N,75.06451613,7.8,\N,4.8,\N,\N,\N,Nonwood,cereal,Medium,slow
0.04,25,0,32,119,9.1,450,0.47,0.01,\N,75.06451613,7.8,\N,4.8,\N,\N,\N,Nonwood,cereal,Medium,slow
0.16,50,0,32,119,9.1,450,0.47,0.01,\N,75.06451613,7.8,\N,4.8,\N,\N,\N,Nonwood,cereal,Medium,slow
0.09,25,200,32,119,9.1,450,0.47,0.01,\N,75.06451613,7.8,\N,4.8,\N,\N,\N,Nonwood,cereal,Medium,slow
0.16,50,200,32,119,9.1,450,0.47,0.01,\N,75.06451613,7.8,\N,4.8,\N,\N,\N,Nonwood,cereal,Medium,slow
0.17,50,200,32,119,9.1,450,0.47,0.01,\N,75.06451613,7.8,\N,4.8,\N,\N,\N,Nonwood,cereal,Medium,slow
0,25,0,32,119,9.1,450,0.47,0.01,\N,75.06451613,7.8,\N,4.8,\N,\N,\N,Nonwood,cereal,Medium,slow
0.18,50,0,32,119,9.1,450,0.47,0.01,\N,75.06451613,7.8,\N,4.8,\N,\N,\N,Nonwood,cereal,Medium,slow
0.03,25,200,32,119,9.1,450,0.47,0.01,\N,75.06451613,7.8,\N,4.8,\N,\N,\N,Nonwood,cereal,Medium,slow
0.18,50,200,32,119,9.1,450,0.47,0.01,\N,75.06451613,7.8,\N,4.8,\N,\N,\N,Nonwood,cereal,Medium,slow
0.11,50,0,32,119,9.1,450,0.47,0.01,\N,75.06451613,7.8,\N,4.8,\N,\N,\N,Nonwood,cereal,Medium,slow
0.09,25,200,32,119,9.1,450,0.47,0.01,\N,75.06451613,7.8,\N,4.8,\N,\N,\N,Nonwood,cereal,Medium,slow
0.13,50,200,32,119,9.1,450,0.47,0.01,\N,75.06451613,7.8,\N,4.8,\N,\N,\N,Nonwood,cereal,Medium,slow
0,25,0,32,119,9.1,450,0.47,0.01,\N,75.06451613,7.8,\N,4.8,\N,\N,\N,Nonwood,cereal,Medium,slow
